Workbook

Sheet Prenatal Phases
A1: Phase | B1: Weeks | C1: Biological Focus | D1: Activation % | E1: DNA Trigger | F1: Next Phase Condition
A2: 1 | B2: 0–4 | C2: Embryogenesis | D2: 0–10% | E2: DNA_INIT | F2: Neural plate formed
A3: 2 | B3: 4–8 | C3: Organogenesis | D3: 10–25% | E3: ORG_START | F3: Limb buds visible
A4: 3 | B4: 8–12 | C4: Body Plan | D4: 25–40% | E4: BODY_FORM | F4: Reflex seed active
A5: 4 | B5: 12–20 | C5: Reflex Explosion | D5: 40–60% | E5: REFLEX_ON | F5: Stretch reflex stable
A6: 5 | B6: 20–28 | C6: Neural Maturation | D6: 60–80% | E6: NEURAL_GROW | F6: Predictive circuits online
A7: 6 | B7: 28–36 | C7: Pre‑Birth Integration | D7: 80–95% | E7: INTEGRATE | F7: Reflexes synchronised
A8: 7 | B8: 36–40 | C8: Birth Preparation | D8: 95–100% | E8: BIRTH_READY | F8: Lungs mature

Sheet Anatomy Growth Engine
A1: Name | B1: Category | C1: DNA Code | D1: Start Week | E1: End Week | F1: Growth Curve | G1: Domain | H1: Current Week | I1: Growth Status | J1: Activation % | K1: Parent | L1: Local X | M1: Local Y | N1: Local Z | O1: Connection Type | P1: Dynamic X | Q1: Dynamic Y | R1: Dynamic Z | S1: Tension Vector | T1: Tension Magnitude | U1: Tension Status
A2: Frontal Bone | B2: Skeleton | C2: SK_FRONTAL | D2: 4 | E2: 36 | F2: Sigmoid | G2: Embodiment | H2: ='DNA Loop Engine'!$B$5 -> 50 | I2: =IF(H2<D2,"⏳ Pending",IF(H2>=E2,"✅ Complete","🔄 Growing")) -> ✅ Complete | J2: =IF(H2<D2,0,IF(H2>=E2,1,(H2-D2)/(E2-D2))) -> 1 | K2: Point 0 | L2: 0 | M2: 0.85 | N2: 0.08 | O2: Suture | P2: =L2*J2 -> 0 | Q2: =M2*J2 -> 0.85 | R2: =N2*J2 -> 0.08
A3: Parietal Bone (Left) | B3: Skeleton | C3: SK_PAR_L | D3: 4 | E3: 36 | F3: Sigmoid | G3: Embodiment | H3: ='DNA Loop Engine'!$B$5 -> 50 | I3: =IF(H3<D3,"⏳ Pending",IF(H3>=E3,"✅ Complete","🔄 Growing")) -> ✅ Complete | J3: =IF(H3<D3,0,IF(H3>=E3,1,(H3-D3)/(E3-D3))) -> 1 | K3: Point 0 | L3: -0.08 | M3: 0.88 | N3: 0 | O3: Suture | P3: =L3*J3 -> -0.08 | Q3: =M3*J3 -> 0.88 | R3: =N3*J3 -> 0
A4: Parietal Bone (Right) | B4: Skeleton | C4: SK_PAR_R | D4: 4 | E4: 36 | F4: Sigmoid | G4: Embodiment | H4: ='DNA Loop Engine'!$B$5 -> 50 | I4: =IF(H4<D4,"⏳ Pending",IF(H4>=E4,"✅ Complete","🔄 Growing")) -> ✅ Complete | J4: =IF(H4<D4,0,IF(H4>=E4,1,(H4-D4)/(E4-D4))) -> 1 | K4: Point 0 | L4: 0.08 | M4: 0.88 | N4: 0 | O4: Suture | P4: =L4*J4 -> 0.08 | Q4: =M4*J4 -> 0.88 | R4: =N4*J4 -> 0
A5: Temporal Bone (Left) | B5: Skeleton | C5: SK_TEMP_L | D5: 4 | E5: 36 | F5: Sigmoid | G5: Embodiment | H5: ='DNA Loop Engine'!$B$5 -> 50 | I5: =IF(H5<D5,"⏳ Pending",IF(H5>=E5,"✅ Complete","🔄 Growing")) -> ✅ Complete | J5: =IF(H5<D5,0,IF(H5>=E5,1,(H5-D5)/(E5-D5))) -> 1 | K5: Point 0 | L5: -0.12 | M5: 0.82 | N5: -0.02 | O5: Suture | P5: =L5*J5 -> -0.12 | Q5: =M5*J5 -> 0.82 | R5: =N5*J5 -> -0.02
A6: Temporal Bone (Right) | B6: Skeleton | C6: SK_TEMP_R | D6: 4 | E6: 36 | F6: Sigmoid | G6: Embodiment | H6: ='DNA Loop Engine'!$B$5 -> 50 | I6: =IF(H6<D6,"⏳ Pending",IF(H6>=E6,"✅ Complete","🔄 Growing")) -> ✅ Complete | J6: =IF(H6<D6,0,IF(H6>=E6,1,(H6-D6)/(E6-D6))) -> 1 | K6: Point 0 | L6: 0.12 | M6: 0.82 | N6: -0.02 | O6: Suture | P6: =L6*J6 -> 0.12 | Q6: =M6*J6 -> 0.82 | R6: =N6*J6 -> -0.02
A7: Occipital Bone | B7: Skeleton | C7: SK_OCCIPITAL | D7: 4 | E7: 36 | F7: Sigmoid | G7: Embodiment | H7: ='DNA Loop Engine'!$B$5 -> 50 | I7: =IF(H7<D7,"⏳ Pending",IF(H7>=E7,"✅ Complete","🔄 Growing")) -> ✅ Complete | J7: =IF(H7<D7,0,IF(H7>=E7,1,(H7-D7)/(E7-D7))) -> 1 | K7: Point 0 | L7: 0 | M7: 0.8 | N7: -0.08 | O7: Suture | P7: =L7*J7 -> 0 | Q7: =M7*J7 -> 0.8 | R7: =N7*J7 -> -0.08
A8: Sphenoid Bone | B8: Skeleton | C8: SK_SPHENOID | D8: 4 | E8: 36 | F8: Sigmoid | G8: Embodiment | H8: ='DNA Loop Engine'!$B$5 -> 50 | I8: =IF(H8<D8,"⏳ Pending",IF(H8>=E8,"✅ Complete","🔄 Growing")) -> ✅ Complete | J8: =IF(H8<D8,0,IF(H8>=E8,1,(H8-D8)/(E8-D8))) -> 1 | K8: Point 0 | L8: 0 | M8: 0.78 | N8: 0.02 | O8: Suture | P8: =L8*J8 -> 0 | Q8: =M8*J8 -> 0.78 | R8: =N8*J8 -> 0.02
A9: Ethmoid Bone | B9: Skeleton | C9: SK_ETHMOID | D9: 4 | E9: 36 | F9: Sigmoid | G9: Embodiment | H9: ='DNA Loop Engine'!$B$5 -> 50 | I9: =IF(H9<D9,"⏳ Pending",IF(H9>=E9,"✅ Complete","🔄 Growing")) -> ✅ Complete | J9: =IF(H9<D9,0,IF(H9>=E9,1,(H9-D9)/(E9-D9))) -> 1 | K9: Point 0 | L9: 0 | M9: 0.8 | N9: 0.04 | O9: Suture | P9: =L9*J9 -> 0 | Q9: =M9*J9 -> 0.8 | R9: =N9*J9 -> 0.04
A10: Nasal Bone (Left) | B10: Skeleton | C10: SK_NASAL_L | D10: 5 | E10: 20 | F10: Sigmoid | G10: Embodiment | H10: ='DNA Loop Engine'!$B$5 -> 50 | I10: =IF(H10<D10,"⏳ Pending",IF(H10>=E10,"✅ Complete","🔄 Growing")) -> ✅ Complete | J10: =IF(H10<D10,0,IF(H10>=E10,1,(H10-D10)/(E10-D10))) -> 1 | K10: Frontal Bone | L10: -0.02 | M10: 0.75 | N10: 0.1 | O10: Suture | P10: =L10*J10 -> -0.02 | Q10: =M10*J10 -> 0.75 | R10: =N10*J10 -> 0.1
A11: Nasal Bone (Right) | B11: Skeleton | C11: SK_NASAL_R | D11: 5 | E11: 20 | F11: Sigmoid | G11: Embodiment | H11: ='DNA Loop Engine'!$B$5 -> 50 | I11: =IF(H11<D11,"⏳ Pending",IF(H11>=E11,"✅ Complete","🔄 Growing")) -> ✅ Complete | J11: =IF(H11<D11,0,IF(H11>=E11,1,(H11-D11)/(E11-D11))) -> 1 | K11: Frontal Bone | L11: 0.02 | M11: 0.75 | N11: 0.1 | O11: Suture | P11: =L11*J11 -> 0.02 | Q11: =M11*J11 -> 0.75 | R11: =N11*J11 -> 0.1
A12: Lacrimal Bone (Left) | B12: Skeleton | C12: SK_LACRIMAL_L | D12: 5 | E12: 20 | F12: Sigmoid | G12: Embodiment | H12: ='DNA Loop Engine'!$B$5 -> 50 | I12: =IF(H12<D12,"⏳ Pending",IF(H12>=E12,"✅ Complete","🔄 Growing")) -> ✅ Complete | J12: =IF(H12<D12,0,IF(H12>=E12,1,(H12-D12)/(E12-D12))) -> 1 | K12: Frontal Bone | L12: -0.03 | M12: 0.76 | N12: 0.08 | O12: Suture | P12: =L12*J12 -> -0.03 | Q12: =M12*J12 -> 0.76 | R12: =N12*J12 -> 0.08
A13: Lacrimal Bone (Right) | B13: Skeleton | C13: SK_LACRIMAL_R | D13: 5 | E13: 20 | F13: Sigmoid | G13: Embodiment | H13: ='DNA Loop Engine'!$B$5 -> 50 | I13: =IF(H13<D13,"⏳ Pending",IF(H13>=E13,"✅ Complete","🔄 Growing")) -> ✅ Complete | J13: =IF(H13<D13,0,IF(H13>=E13,1,(H13-D13)/(E13-D13))) -> 1 | K13: Frontal Bone | L13: 0.03 | M13: 0.76 | N13: 0.08 | O13: Suture | P13: =L13*J13 -> 0.03 | Q13: =M13*J13 -> 0.76 | R13: =N13*J13 -> 0.08
... A159: Biceps Femoris | B159: Muscle | C159: MS_BIC_FEM | D159: 8 | E159: 36 | F159: Sigmoid | G159: Motor Control | H159: ='DNA Loop Engine'!$B$5 -> 50 | I159: =IF(H159<D159,"⏳ Pending",IF(H159>=E159,"✅ Complete","🔄 Growing")) -> ✅ Complete | J159: =IF(H159<D159,0,IF(H159>=E159,1,(H159-D159)/(E159-D159))) -> 1 | K159: Hip Bone (Left) | L159: -0.14 | M159: -0.24 | N159: -0.02 | O159: Tendon | P159: =L159*J159 -> -0.14 | Q159: =M159*J159 -> -0.24 | R159: =N159*J159 -> -0.02
A160: Patellar Tendon | B160: Connective | C160: CT_PAT_TEND | D160: 8 | E160: 36 | F160: Sigmoid | G160: Embodiment | H160: ='DNA Loop Engine'!$B$5 -> 50 | I160: =IF(H160<D160,"⏳ Pending",IF(H160>=E160,"✅ Complete","🔄 Growing")) -> ✅ Complete | J160: =IF(H160<D160,0,IF(H160>=E160,1,MIN(1,(H160-D160)/(E160-D160)))) -> 1 | K160: Femur (Left) | L160: -0.15 | M160: -0.8 | N160: 0 | O160: Tendon | P160: =L160*J160 -> -0.15 | Q160: =M160*J160 -> -0.8 | R160: =N160*J160 -> 0 | S160: ="("&TEXT(P160,"0.00")&", "&TEXT(Q160,"0.00")&", "&TEXT(R160,"0.00")&")" -> (-0.15, -0.80, 0.00) | T160: =SQRT(P160^2+Q160^2+R160^2)*(1+'DNA Loop Engine'!B18) -> 1.6278821 | U160: =IF(T160<0.5,"🟢 Relaxed",IF(T160<1,"🟡 Normal",IF(T160<1.5,"🟠 Taut","🔴 Stressed"))) -> 🔴 Stressed
A161: Achilles Tendon | B161: Connective | C161: CT_ACH_TEND | D161: 8 | E161: 36 | F161: Sigmoid | G161: Embodiment | H161: ='DNA Loop Engine'!$B$5 -> 50 | I161: =IF(H161<D161,"⏳ Pending",IF(H161>=E161,"✅ Complete","🔄 Growing")) -> ✅ Complete | J161: =IF(H161<D161,0,IF(H161>=E161,1,MIN(1,(H161-D161)/(E161-D161)))) -> 1 | K161: Tibia (Left) | L161: -0.15 | M161: -1.1 | N161: 0 | O161: Tendon | P161: =L161*J161 -> -0.15 | Q161: =M161*J161 -> -1.1 | R161: =N161*J161 -> 0 | S161: ="("&TEXT(P161,"0.00")&", "&TEXT(Q161,"0.00")&", "&TEXT(R161,"0.00")&")" -> (-0.15, -1.10, 0.00) | T161: =SQRT(P161^2+Q161^2+R161^2)*(1+'DNA Loop Engine'!B18) -> 2.2203603 | U161: =IF(T161<0.5,"🟢 Relaxed",IF(T161<1,"🟡 Normal",IF(T161<1.5,"🟠 Taut","🔴 Stressed"))) -> 🔴 Stressed
A162: Biceps Tendon | B162: Connective | C162: CT_BIC_TEND | D162: 8 | E162: 36 | F162: Sigmoid | G162: Embodiment | H162: ='DNA Loop Engine'!$B$5 -> 50 | I162: =IF(H162<D162,"⏳ Pending",IF(H162>=E162,"✅ Complete","🔄 Growing")) -> ✅ Complete | J162: =IF(H162<D162,0,IF(H162>=E162,1,MIN(1,(H162-D162)/(E162-D162)))) -> 1 | K162: Scapula (Left) | L162: -0.25 | M162: 0.4 | N162: 0 | O162: Tendon | P162: =L162*J162 -> -0.25 | Q162: =M162*J162 -> 0.4 | R162: =N162*J162 -> 0 | S162: ="("&TEXT(P162,"0.00")&", "&TEXT(Q162,"0.00")&", "&TEXT(R162,"0.00")&")" -> (-0.25, 0.40, 0.00) | T162: =SQRT(P162^2+Q162^2+R162^2)*(1+'DNA Loop Engine'!B18) -> 0.94339811 | U162: =IF(T162<0.5,"🟢 Relaxed",IF(T162<1,"🟡 Normal",IF(T162<1.5,"🟠 Taut","🔴 Stressed"))) -> 🟡 Normal
A163: Triceps Tendon | B163: Connective | C163: CT_TRI_TEND | D163: 8 | E163: 36 | F163: Sigmoid | G163: Embodiment | H163: ='DNA Loop Engine'!$B$5 -> 50 | I163: =IF(H163<D163,"⏳ Pending",IF(H163>=E163,"✅ Complete","🔄 Growing")) -> ✅ Complete | J163: =IF(H163<D163,0,IF(H163>=E163,1,MIN(1,(H163-D163)/(E163-D163)))) -> 1 | K163: Humerus (Left) | L163: -0.25 | M163: 0.7 | N163: 0 | O163: Tendon | P163: =L163*J163 -> -0.25 | Q163: =M163*J163 -> 0.7 | R163: =N163*J163 -> 0 | S163: ="("&TEXT(P163,"0.00")&", "&TEXT(Q163,"0.00")&", "&TEXT(R163,"0.00")&")" -> (-0.25, 0.70, 0.00) | T163: =SQRT(P163^2+Q163^2+R163^2)*(1+'DNA Loop Engine'!B18) -> 1.4866069 | U163: =IF(T163<0.5,"🟢 Relaxed",IF(T163<1,"🟡 Normal",IF(T163<1.5,"🟠 Taut","🔴 Stressed"))) -> 🟠 Taut
A164: Rotator Cuff Tendons | B164: Connective | C164: CT_ROT_CUFF | D164: 8 | E164: 36 | F164: Sigmoid | G164: Embodiment | H164: ='DNA Loop Engine'!$B$5 -> 50 | I164: =IF(H164<D164,"⏳ Pending",IF(H164>=E164,"✅ Complete","🔄 Growing")) -> ✅ Complete | J164: =IF(H164<D164,0,IF(H164>=E164,1,MIN(1,(H164-D164)/(E164-D164)))) -> 1 | K164: Scapula (Left) | L164: -0.25 | M164: 0.4 | N164: 0 | O164: Tendon | P164: =L164*J164 -> -0.25 | Q164: =M164*J164 -> 0.4 | R164: =N164*J164 -> 0 | S164: ="("&TEXT(P164,"0.00")&", "&TEXT(Q164,"0.00")&", "&TEXT(R164,"0.00")&")" -> (-0.25, 0.40, 0.00) | T164: =SQRT(P164^2+Q164^2+R164^2)*(1+'DNA Loop Engine'!B18) -> 0.94339811 | U164: =IF(T164<0.5,"🟢 Relaxed",IF(T164<1,"🟡 Normal",IF(T164<1.5,"🟠 Taut","🔴 Stressed"))) -> 🟡 Normal
A165: Anterior Cruciate Ligament | B165: Connective | C165: CT_ACL | D165: 8 | E165: 36 | F165: Sigmoid | G165: Embodiment | H165: ='DNA Loop Engine'!$B$5 -> 50 | I165: =IF(H165<D165,"⏳ Pending",IF(H165>=E165,"✅ Complete","🔄 Growing")) -> ✅ Complete | J165: =IF(H165<D165,0,IF(H165>=E165,1,MIN(1,(H165-D165)/(E165-D165)))) -> 1 | K165: Femur (Left) | L165: -0.15 | M165: -0.8 | N165: 0 | O165: Ligament | P165: =L165*J165 -> -0.15 | Q165: =M165*J165 -> -0.8 | R165: =N165*J165 -> 0 | S165: ="("&TEXT(P165,"0.00")&", "&TEXT(Q165,"0.00")&", "&TEXT(R165,"0.00")&")" -> (-0.15, -0.80, 0.00) | T165: =SQRT(P165^2+Q165^2+R165^2)*(1+'DNA Loop Engine'!B18) -> 1.6278821 | U165: =IF(T165<0.5,"🟢 Relaxed",IF(T165<1,"🟡 Normal",IF(T165<1.5,"🟠 Taut","🔴 Stressed"))) -> 🔴 Stressed
A166: Posterior Cruciate Ligament | B166: Connective | C166: CT_PCL | D166: 8 | E166: 36 | F166: Sigmoid | G166: Embodiment | H166: ='DNA Loop Engine'!$B$5 -> 50 | I166: =IF(H166<D166,"⏳ Pending",IF(H166>=E166,"✅ Complete","🔄 Growing")) -> ✅ Complete | J166: =IF(H166<D166,0,IF(H166>=E166,1,MIN(1,(H166-D166)/(E166-D166)))) -> 1 | K166: Femur (Left) | L166: -0.15 | M166: -0.8 | N166: 0 | O166: Ligament | P166: =L166*J166 -> -0.15 | Q166: =M166*J166 -> -0.8 | R166: =N166*J166 -> 0 | S166: ="("&TEXT(P166,"0.00")&", "&TEXT(Q166,"0.00")&", "&TEXT(R166,"0.00")&")" -> (-0.15, -0.80, 0.00) | T166: =SQRT(P166^2+Q166^2+R166^2)*(1+'DNA Loop Engine'!B18) -> 1.6278821 | U166: =IF(T166<0.5,"🟢 Relaxed",IF(T166<1,"🟡 Normal",IF(T166<1.5,"🟠 Taut","🔴 Stressed"))) -> 🔴 Stressed
A167: Medial Collateral Ligament | B167: Connective | C167: CT_MCL | D167: 8 | E167: 36 | F167: Sigmoid | G167: Embodiment | H167: ='DNA Loop Engine'!$B$5 -> 50 | I167: =IF(H167<D167,"⏳ Pending",IF(H167>=E167,"✅ Complete","🔄 Growing")) -> ✅ Complete | J167: =IF(H167<D167,0,IF(H167>=E167,1,MIN(1,(H167-D167)/(E167-D167)))) -> 1 | K167: Femur (Left) | L167: -0.12 | M167: -0.8 | N167: 0 | O167: Ligament | P167: =L167*J167 -> -0.12 | Q167: =M167*J167 -> -0.8 | R167: =N167*J167 -> 0 | S167: ="("&TEXT(P167,"0.00")&", "&TEXT(Q167,"0.00")&", "&TEXT(R167,"0.00")&")" -> (-0.12, -0.80, 0.00) | T167: =SQRT(P167^2+Q167^2+R167^2)*(1+'DNA Loop Engine'!B18) -> 1.6178999 | U167: =IF(T167<0.5,"🟢 Relaxed",IF(T167<1,"🟡 Normal",IF(T167<1.5,"🟠 Taut","🔴 Stressed"))) -> 🔴 Stressed
A168: Lateral Collateral Ligament | B168: Connective | C168: CT_LCL | D168: 8 | E168: 36 | F168: Sigmoid | G168: Embodiment | H168: ='DNA Loop Engine'!$B$5 -> 50 | I168: =IF(H168<D168,"⏳ Pending",IF(H168>=E168,"✅ Complete","🔄 Growing")) -> ✅ Complete | J168: =IF(H168<D168,0,IF(H168>=E168,1,MIN(1,(H168-D168)/(E168-D168)))) -> 1 | K168: Femur (Left) | L168: -0.18 | M168: -0.8 | N168: 0 | O168: Ligament | P168: =L168*J168 -> -0.18 | Q168: =M168*J168 -> -0.8 | R168: =N168*J168 -> 0 | S168: ="("&TEXT(P168,"0.00")&", "&TEXT(Q168,"0.00")&", "&TEXT(R168,"0.00")&")" -> (-0.18, -0.80, 0.00) | T168: =SQRT(P168^2+Q168^2+R168^2)*(1+'DNA Loop Engine'!B18) -> 1.64 | U168: =IF(T168<0.5,"🟢 Relaxed",IF(T168<1,"🟡 Normal",IF(T168<1.5,"🟠 Taut","🔴 Stressed"))) -> 🔴 Stressed
A169: Interspinous Ligament | B169: Connective | C169: CT_INTERSPIN | D169: 8 | E169: 36 | F169: Sigmoid | G169: Embodiment | H169: ='DNA Loop Engine'!$B$5 -> 50 | I169: =IF(H169<D169,"⏳ Pending",IF(H169>=E169,"✅ Complete","🔄 Growing")) -> ✅ Complete | J169: =IF(H169<D169,0,IF(H169>=E169,1,MIN(1,(H169-D169)/(E169-D169)))) -> 1 | K169: Thoracic Vertebrae (T1–T12) | L169: 0 | M169: 0.4 | N169: -0.06 | O169: Ligament | P169: =L169*J169 -> 0 | Q169: =M169*J169 -> 0.4 | R169: =N169*J169 -> -0.06 | S169: ="("&TEXT(P169,"0.00")&", "&TEXT(Q169,"0.00")&", "&TEXT(R169,"0.00")&")" -> (0.00, 0.40, -0.06) | T169: =SQRT(P169^2+Q169^2+R169^2)*(1+'DNA Loop Engine'!B18) -> 0.80894994 | U169: =IF(T169<0.5,"🟢 Relaxed",IF(T169<1,"🟡 Normal",IF(T169<1.5,"🟠 Taut","🔴 Stressed"))) -> 🟡 Normal
A170: Glenohumeral Ligament | B170: Connective | C170: CT_GLENOHUM | D170: 8 | E170: 36 | F170: Sigmoid | G170: Embodiment | H170: ='DNA Loop Engine'!$B$5 -> 50 | I170: =IF(H170<D170,"⏳ Pending",IF(H170>=E170,"✅ Complete","🔄 Growing")) -> ✅ Complete | J170: =IF(H170<D170,0,IF(H170>=E170,1,MIN(1,(H170-D170)/(E170-D170)))) -> 1 | K170: Scapula (Left) | L170: -0.25 | M170: 0.4 | N170: 0 | O170: Ligament | P170: =L170*J170 -> -0.25 | Q170: =M170*J170 -> 0.4 | R170: =N170*J170 -> 0 | S170: ="("&TEXT(P170,"0.00")&", "&TEXT(Q170,"0.00")&", "&TEXT(R170,"0.00")&")" -> (-0.25, 0.40, 0.00) | T170: =SQRT(P170^2+Q170^2+R170^2)*(1+'DNA Loop Engine'!B18) -> 0.94339811 | U170: =IF(T170<0.5,"🟢 Relaxed",IF(T170<1,"🟡 Normal",IF(T170<1.5,"🟠 Taut","🔴 Stressed"))) -> 🟡 Normal
A171: Iliofemoral Ligament | B171: Connective | C171: CT_ILIOFEM | D171: 8 | E171: 36 | F171: Sigmoid | G171: Embodiment | H171: ='DNA Loop Engine'!$B$5 -> 50 | I171: =IF(H171<D171,"⏳ Pending",IF(H171>=E171,"✅ Complete","🔄 Growing")) -> ✅ Complete | J171: =IF(H171<D171,0,IF(H171>=E171,1,MIN(1,(H171-D171)/(E171-D171)))) -> 1 | K171: Hip Bone (Left) | L171: -0.15 | M171: -0.1 | N171: 0 | O171: Ligament | P171: =L171*J171 -> -0.15 | Q171: =M171*J171 -> -0.1 | R171: =N171*J171 -> 0 | S171: ="("&TEXT(P171,"0.00")&", "&TEXT(Q171,"0.00")&", "&TEXT(R171,"0.00")&")" -> (-0.15, -0.10, 0.00) | T171: =SQRT(P171^2+Q171^2+R171^2)*(1+'DNA Loop Engine'!B18) -> 0.36055513 | U171: =IF(T171<0.5,"🟢 Relaxed",IF(T171<1,"🟡 Normal",IF(T171<1.5,"🟠 Taut","🔴 Stressed"))) -> 🟢 Relaxed
A172: Pubofemoral Ligament | B172: Connective | C172: CT_PUBOFEM | D172: 8 | E172: 36 | F172: Sigmoid | G172: Embodiment | H172: ='DNA Loop Engine'!$B$5 -> 50 | I172: =IF(H172<D172,"⏳ Pending",IF(H172>=E172,"✅ Complete","🔄 Growing")) -> ✅ Complete | J172: =IF(H172<D172,0,IF(H172>=E172,1,MIN(1,(H172-D172)/(E172-D172)))) -> 1 | K172: Hip Bone (Left) | L172: -0.12 | M172: -0.08 | N172: 0 | O172: Ligament | P172: =L172*J172 -> -0.12 | Q172: =M172*J172 -> -0.08 | R172: =N172*J172 -> 0 | S172: ="("&TEXT(P172,"0.00")&", "&TEXT(Q172,"0.00")&", "&TEXT(R172,"0.00")&")" -> (-0.12, -0.08, 0.00) | T172: =SQRT(P172^2+Q172^2+R172^2)*(1+'DNA Loop Engine'!B18) -> 0.2884441 | U172: =IF(T172<0.5,"🟢 Relaxed",IF(T172<1,"🟡 Normal",IF(T172<1.5,"🟠 Taut","🔴 Stressed"))) -> 🟢 Relaxed
A173: Ischiofemoral Ligament | B173: Connective | C173: CT_ISCHIOFEM | D173: 8 | E173: 36 | F173: Sigmoid | G173: Embodiment | H173: ='DNA Loop Engine'!$B$5 -> 50 | I173: =IF(H173<D173,"⏳ Pending",IF(H173>=E173,"✅ Complete","🔄 Growing")) -> ✅ Complete | J173: =IF(H173<D173,0,IF(H173>=E173,1,MIN(1,(H173-D173)/(E173-D173)))) -> 1 | K173: Hip Bone (Left) | L173: -0.14 | M173: -0.12 | N173: -0.02 | O173: Ligament | P173: =L173*J173 -> -0.14 | Q173: =M173*J173 -> -0.12 | R173: =N173*J173 -> -0.02 | S173: ="("&TEXT(P173,"0.00")&", "&TEXT(Q173,"0.00")&", "&TEXT(R173,"0.00")&")" -> (-0.14, -0.12, -0.02) | T173: =SQRT(P173^2+Q173^2+R173^2)*(1+'DNA Loop Engine'!B18) -> 0.37094474 | U173: =IF(T173<0.5,"🟢 Relaxed",IF(T173<1,"🟡 Normal",IF(T173<1.5,"🟠 Taut","🔴 Stressed"))) -> 🟢 Relaxed
A175: 🧠 NEURAL CONTROL MAPPING TABLE
A176: Name | B176: Controlled Structure | C176: Neural Region | D176: Control Type | E176: Signal Pathway | F176: Feedback Source | G176: Activation Week | H176: Full Maturity Week | I176: Domain | J176: Current Week | K176: Neural Status | L176: Maturity %
A177: Motor Cortex | B177: Hip Joint (L/R) | C177: Cortical Motor | D177: Voluntary | E177: Descending Corticospinal | F177: Muscle Spindles | G177: 20 | H177: 36 | I177: Motor Control | J177: ='DNA Loop Engine'!$B$5 -> 50 | K177: =IF(J177<G177,"⏳ Dormant",IF(J177>=H177,"✅ Mature","🔄 Developing")) -> ✅ Mature | L177: =IF(J177<G177,0%,IF(J177>=H177,100%,(J177-G177)/(H177-G177))) -> 1
A178: Motor Cortex | B178: Shoulder Joint (L/R) | C178: Cortical Motor | D178: Voluntary | E178: Descending Corticospinal | F178: Muscle Spindles | G178: 20 | H178: 36 | I178: Motor Control | J178: ='DNA Loop Engine'!$B$5 -> 50 | K178: =IF(J178<G178,"⏳ Dormant",IF(J178>=H178,"✅ Mature","🔄 Developing")) -> ✅ Mature | L178: =IF(J178<G178,0%,IF(J178>=H178,100%,(J178-G178)/(H178-G178))) -> 1
A179: Motor Cortex | B179: Elbow Joint (L/R) | C179: Cortical Motor | D179: Voluntary | E179: Descending Corticospinal | F179: Muscle Spindles | G179: 20 | H179: 36 | I179: Motor Control | J179: ='DNA Loop Engine'!$B$5 -> 50 | K179: =IF(J179<G179,"⏳ Dormant",IF(J179>=H179,"✅ Mature","🔄 Developing")) -> ✅ Mature | L179: =IF(J179<G179,0%,IF(J179>=H179,100%,(J179-G179)/(H179-G179))) -> 1
A180: Motor Cortex | B180: Wrist Joint (L/R) | C180: Cortical Motor | D180: Voluntary | E180: Descending Corticospinal | F180: Muscle Spindles | G180: 20 | H180: 36 | I180: Motor Control | J180: ='DNA Loop Engine'!$B$5 -> 50 | K180: =IF(J180<G180,"⏳ Dormant",IF(J180>=H180,"✅ Mature","🔄 Developing")) -> ✅ Mature | L180: =IF(J180<G180,0%,IF(J180>=H180,100%,(J180-G180)/(H180-G180))) -> 1
A181: Cerebellum | B181: Ankle Joint (L/R) | C181: Subcortical Motor | D181: Coordinative | E181: Cerebellar Feedback | F181: Joint Receptors | G181: 24 | H181: 36 | I181: Motor Control | J181: ='DNA Loop Engine'!$B$5 -> 50 | K181: =IF(J181<G181,"⏳ Dormant",IF(J181>=H181,"✅ Mature","🔄 Developing")) -> ✅ Mature | L181: =IF(J181<G181,0%,IF(J181>=H181,100%,(J181-G181)/(H181-G181))) -> 1
A182: Cerebellum | B182: Spinal Segments | C182: Subcortical Motor | D182: Stabilisation | E182: Cerebellar Feedback | F182: Proprioceptors | G182: 24 | H182: 36 | I182: Motor Control | J182: ='DNA Loop Engine'!$B$5 -> 50 | K182: =IF(J182<G182,"⏳ Dormant",IF(J182>=H182,"✅ Mature","🔄 Developing")) -> ✅ Mature | L182: =IF(J182<G182,0%,IF(J182>=H182,100%,(J182-G182)/(H182-G182))) -> 1
A183: Brainstem | B183: Jaw Joint | C183: Autonomic | D183: Reflexive | E183: Trigeminal Pathway | F183: Stretch Receptors | G183: 12 | H183: 28 | I183: Reflexes | J183: ='DNA Loop Engine'!$B$5 -> 50 | K183: =IF(J183<G183,"⏳ Dormant",IF(J183>=H183,"✅ Mature","🔄 Developing")) -> ✅ Mature | L183: =IF(J183<G183,0%,IF(J183>=H183,100%,(J183-G183)/(H183-G183))) -> 1
A184: Brainstem | B184: Neck Joint | C184: Autonomic | D184: Reflexive | E184: Vestibulospinal Pathway | F184: Vestibular Apparatus | G184: 12 | H184: 28 | I184: Reflexes | J184: ='DNA Loop Engine'!$B$5 -> 50 | K184: =IF(J184<G184,"⏳ Dormant",IF(J184>=H184,"✅ Mature","🔄 Developing")) -> ✅ Mature | L184: =IF(J184<G184,0%,IF(J184>=H184,100%,(J184-G184)/(H184-G184))) -> 1
A185: Spinal Cord | B185: Knee Joint (L/R) | C185: Segmental | D185: Reflexive | E185: Spinal Reflex Arc | F185: Muscle Spindles | G185: 12 | H185: 20 | I185: Reflexes | J185: ='DNA Loop Engine'!$B$5 -> 50 | K185: =IF(J185<G185,"⏳ Dormant",IF(J185>=H185,"✅ Mature","🔄 Developing")) -> ✅ Mature | L185: =IF(J185<G185,0%,IF(J185>=H185,100%,(J185-G185)/(H185-G185))) -> 1
A186: Spinal Cord | B186: Elbow Joint (L/R) | C186: Segmental | D186: Reflexive | E186: Spinal Reflex Arc | F186: Muscle Spindles | G186: 12 | H186: 20 | I186: Reflexes | J186: ='DNA Loop Engine'!$B$5 -> 50 | K186: =IF(J186<G186,"⏳ Dormant",IF(J186>=H186,"✅ Mature","🔄 Developing")) -> ✅ Mature | L186: =IF(J186<G186,0%,IF(J186>=H186,100%,(J186-G186)/(H186-G186))) -> 1
A187: Spinal Cord | B187: Hip Joint (L/R) | C187: Segmental | D187: Reflexive | E187: Spinal Reflex Arc | F187: Muscle Spindles | G187: 12 | H187: 20 | I187: Reflexes | J187: ='DNA Loop Engine'!$B$5 -> 50 | K187: =IF(J187<G187,"⏳ Dormant",IF(J187>=H187,"✅ Mature","🔄 Developing")) -> ✅ Mature | L187: =IF(J187<G187,0%,IF(J187>=H187,100%,(J187-G187)/(H187-G187))) -> 1
A188: Spinal Cord | B188: Ankle Joint (L/R) | C188: Segmental | D188: Reflexive | E188: Spinal Reflex Arc | F188: Joint Receptors | G188: 12 | H188: 20 | I188: Reflexes | J188: ='DNA Loop Engine'!$B$5 -> 50 | K188: =IF(J188<G188,"⏳ Dormant",IF(J188>=H188,"✅ Mature","🔄 Developing")) -> ✅ Mature | L188: =IF(J188<G188,0%,IF(J188>=H188,100%,(J188-G188)/(H188-G188))) -> 1
... A194: Autonomic System | B194: Diaphragm | C194: Autonomic | D194: Rhythmic | E194: Phrenic Nerve Pathway | F194: Stretch Receptors | G194: 8 | H194: 28 | I194: Motor Control | J194: ='DNA Loop Engine'!$B$5 -> 50 | K194: =IF(J194<G194,"⏳ Dormant",IF(J194>=H194,"✅ Mature","🔄 Developing")) -> ✅ Mature | L194: =IF(J194<G194,0%,IF(J194>=H194,100%,(J194-G194)/(H194-G194))) -> 1

Sheet Organ & System Activation
A1: an | B1: Organ/System | C1: Activation Event | D1: DNA Code | E1: Notes
A2: 0–4 | B2: Neural Plate | C2: Formation | D2: NP_FORM | E2: Primitive streak defines axes
A3: 4–8 | B3: Heart | C3: Chamber partition | D3: HT_PART | E3: First rhythmic contractions
A4: 8–12 | B4: Limbs | C4: Differentiation | D4: LM_DIFF | E4: Fingers/toes separate
A5: 12–20 | B5: Reflex Arcs | C5: Activation | D5: RF_ACT | E5: Stretch reflex online
A6: 20–28 | B6: Cerebellum | C6: Growth | D6: CB_GROW | E6: Predictive control begins
A7: 28–36 | B7: Myelination | C7: Neural insulation | D7: MYEL_ON | E7: Faster reflex transmission
A8: 36–40 | B8: Lungs | C8: Maturation | D8: LG_MAT | E8: Ready for external oxygen

Sheet Tick-Based DNA Loop
A1: Tick ID | B1: Week | C1: DNA Phase | D1: Growth Factor | E1: Neural Gain | F1: Reflex Gain | G1: Identity Confidence
A2: T000 | B2: 0 | C2: Embryogenesis | D2: 0.01 | E2: 0 | F2: 0 | G2: 0
A3: T500 | B3: 4 | C3: Organogenesis | D3: 0.1 | E3: 0.05 | F3: 0 | G3: 0
A4: T1000 | B4: 8 | C4: Body Plan | D4: 0.25 | E4: 0.1 | F4: 0.05 | G4: 0.1
A5: T1500 | B5: 12 | C5: Reflex Explosion | D5: 0.4 | E5: 0.25 | F5: 0.2 | G5: 0.25
A6: T2000 | B6: 20 | C6: Neural Maturation | D6: 0.6 | E6: 0.4 | F6: 0.4 | G6: 0.5
A7: T2500 | B7: 28 | C7: Pre‑Birth Integration | D7: 0.8 | E7: 0.6 | F7: 0.6 | G7: 0.75
A8: T3000 | B8: 36 | C8: Birth Preparation | D8: 0.95 | E8: 0.8 | F8: 0.8 | G8: 0.9
A9: T3200 | B9: 40 | C9: Birth Event | D9: 1 | E9: 1 | F9: 1 | G9: 1
A10: T3600 | B10: 45 | C10: Early Infant | D10: 1 | E10: 1 | F10: 1 | G10: 1
A11: T4000 | B11: 50 | C11: Early Infant | D11: 1 | E11: 1 | F11: 1 | G11: 1
A12: T4800 | B12: 60 | C12: Late Infant | D12: 1 | E12: 1 | F12: 1 | G12: 1
A13: T5600 | B13: 70 | C13: Late Infant | D13: 1 | E13: 1 | F13: 1 | G13: 1
... A17: T10000 | B17: 125 | C17: Early Childhood | D17: 1 | E17: 1 | F17: 1 | G17: 1

Sheet DNA Loop Engine
A1: 🧬 A7DO DNA LOOP ENGINE
A3: ⚙️ CONTROL PANEL | D3: 🫀 ORGAN ACTIVATION STATUS
A4: Current Tick: | B4: 4000 | D4: Organ/System | E4: Status | F4: DNA Code
A5: Current Week: | B5: =ROUND(B4/80,0) -> 50 | D5: Neural Plate | E5: =IF(B$5>=0,"✅ Active","⏳ Pending") -> ✅ Active | F5: NP_FORM
A6: Birth Tick: | B6: 3200 | D6: Heart | E6: =IF(B$5>=4,"✅ Active","⏳ Pending") -> ✅ Active | F6: HT_PART
A7: Nutrient Flow Rate: | B7: 1 | D7: Limbs | E7: =IF(B$5>=8,"✅ Active","⏳ Pending") -> ✅ Active | F7: LM_DIFF
A8: Simulation Status: | B8: =IF(B4>=B6,"🎉 BIRTH COMPLETE",IF(B4=0,"⏸️ NOT STARTED","🔄 GESTATING")) -> 🎉 BIRTH COMPLETE | D8: Reflex Arcs | E8: =IF(B$5>=12,"✅ Active","⏳ Pending") -> ✅ Active | F8: RF_ACT
D9: Cerebellum | E9: =IF(B$5>=20,"✅ Active","⏳ Pending") -> ✅ Active | F9: CB_GROW
A10: 📖 PHASE READER | D10: Myelination | E10: =IF(B$5>=28,"✅ Active","⏳ Pending") -> ✅ Active | F10: MYEL_ON
A11: Active Phase #: | B11: ="T"&TEXT(B4,"0000") -> T4000 | D11: Lungs | E11: =IF(B$5>=36,"✅ Active","⏳ Pending") -> ✅ Active | F11: LG_MAT
A12: DNA Phase Name: | B12: =IFERROR(_xlfn.XLOOKUP(B5,'Tick-Based DNA Loop'!B2:B17,'Tick-Based DNA Loop'!C2:C17,,"<=",-1),"Post-Birth Development") -> Post-Birth Development
A13: DNA Trigger Code: | B13: =IF(B5>=40,"POSTNATAL",IFERROR(VLOOKUP(B5,'Prenatal Phases'!B2:E8,4,TRUE),"N/A")) -> POSTNATAL | D13: 🔁 TICK ADVANCE LOGIC
A14: Biological Focus: | B14: =IF(B5>=40,"Post-Birth Growth & Learning",IFERROR(VLOOKUP(B5,'Prenatal Phases'!B2:C8,2,TRUE),"N/A")) -> Post-Birth Growth & Learning | D14: Next Tick ID: | E14: =IF(B4<B6, "T"&TEXT(B4+100,"0000"), "COMPLETE") -> COMPLETE
A15: Next Phase Condition: | B15: =IF(B5>=40,"Continuous Development",IFERROR(VLOOKUP(B5,'Prenatal Phases'!B2:F8,5,TRUE),"N/A")) -> Continuous Development | D15: Ticks to Birth: | E15: =MAX(0, B6-B4) -> 0
D16: Progress %: | E16: =B4/B6 -> 1.25
A17: ⚡ GROWTH ENGINE | D17: Time Remaining: | E17: =TEXT(INT(E15/100),"0")&" ticks (~"&ROUND(E15/80,1)&" weeks)" -> 0 ticks (~0 weeks)
A18: Growth Factor: | B18: =IF(B5>=40,1,IFERROR(_xlfn.XLOOKUP(B5,'Tick-Based DNA Loop'!B2:B17,'Tick-Based DNA Loop'!D2:D17,,"<=",-1),0)) -> 1 | D18: Phase Complete In: | E18: =IF(B5>=40,"N/A (Born)",MAX(0,40-B5)&" weeks") -> N/A (Born)
A19: Neural Gain: | B19: =IF(B5>=40,1,IFERROR(_xlfn.XLOOKUP(B5,'Tick-Based DNA Loop'!B2:B17,'Tick-Based DNA Loop'!E2:E17,,"<=",-1),0)) -> 1
A20: Reflex Gain: | B20: =IF(B5>=40,1,IFERROR(_xlfn.XLOOKUP(B5,'Tick-Based DNA Loop'!B2:B17,'Tick-Based DNA Loop'!F2:F17,,"<=",-1),0)) -> 1
A21: Identity Confidence: | B21: =IF(B5>=40,1,IFERROR(_xlfn.XLOOKUP(B5,'Tick-Based DNA Loop'!B2:B17,'Tick-Based DNA Loop'!G2:G17,,"<=",-1),0)) -> 1
A23: 🩸 UMBILICAL CORD DRIVER
A24: Nutrient Delivery: | B24: =IF(B4<B6, B7*B18, 0) -> 0
A25: DNA Push Rate: | B25: =IF(B4<B6, (B6-B4)/B6, 0) -> 0
A26: Oxygen Transfer: | B26: =IF(B4<B6, B7*0.21, 0.21) -> 0.21
A27: Cord Status: | B27: =IF(B4>=B6, "🔌 SEVERED", "🔗 CONNECTED") -> 🔌 SEVERED
A28: Effective Growth: | B28: =B18*B7 -> 1
A30: 🧭 POINT 0 — CENTRAL ORIGIN
A32: Parameter | B32: Value | C32: Unit | E32: 📐 COORDINATE SYSTEM
A33: X₀ (Horizontal) | B33: 0 | C33: m | E33: Axis | F33: Direction
A34: Y₀ (Vertical) | B34: 0 | C34: m | E34: +X | F34: Right
A35: Z₀ (Depth) | B35: 0 | C35: m | E35: -X | F35: Left
E36: +Y | F36: Up (Head)
A37: Reference Point: | B37: Pelvis Centre | E37: -Y | F37: Down (Feet)
A38: Body Height Factor: | B38: =IF(B5>=40,1,B18)*0.5 -> 0.5 | E38: +Z | F38: Forward
A39: Body Width Factor: | B39: =B38*0.4 -> 0.2 | E39: -Z | F39: Backward
A41: 🔗 SPATIAL COHERENCE
A42: All coordinates relative to Point 0
A45: 🧠 NEURAL CONTROL SUMMARY
A47: Control Hierarchy | B47: Region | C47: Status | D47: Pathways
A48: Cortical Motor | B48: Motor Cortex | C48: =COUNTIFS('Anatomy Growth Engine'!A177:A194,"Motor Cortex",'Anatomy Growth Engine'!K177:K194,"✅ Mature")&"/"&COUNTIF('Anatomy Growth Engine'!A177:A194,"Motor Cortex")&" mature" -> 4/4 mature | D48: 4
A49: Subcortical Motor | B49: Cerebellum | C49: =COUNTIFS('Anatomy Growth Engine'!A177:A194,"Cerebellum",'Anatomy Growth Engine'!K177:K194,"✅ Mature")&"/"&COUNTIF('Anatomy Growth Engine'!A177:A194,"Cerebellum")&" mature" -> 3/3 mature | D49: 3
A50: Autonomic | B50: Brainstem | C50: =COUNTIFS('Anatomy Growth Engine'!A177:A194,"Brainstem",'Anatomy Growth Engine'!K177:K194,"🔄 Developing")&"/"&COUNTIF('Anatomy Growth Engine'!A177:A194,"Brainstem")&" developing" -> 0/2 developing | D50: 2
A51: Segmental | B51: Spinal Cord | C51: =COUNTIFS('Anatomy Growth Engine'!A177:A194,"Spinal Cord",'Anatomy Growth Engine'!K177:K194,"🔄 Developing")&"/"&COUNTIF('Anatomy Growth Engine'!A177:A194,"Spinal Cord")&" developing" -> 0/4 developing | D51: 4
A52: Sensory | B52: Cerebrum | C52: =COUNTIFS('Anatomy Growth Engine'!A177:A194,"Cerebrum",'Anatomy Growth Engine'!K177:K194,"⏳ Dormant")&"/"&COUNTIF('Anatomy Growth Engine'!A177:A194,"Cerebrum")&" dormant" -> 0/2 dormant | D52: 2
A53: Homeostatic | B53: Autonomic System | C53: =COUNTIFS('Anatomy Growth Engine'!A177:A194,"Autonomic System",'Anatomy Growth Engine'!K177:K194,"🔄 Developing")&"/"&COUNTIF('Anatomy Growth Engine'!A177:A194,"Autonomic System")&" developing" -> 0/3 developing | D53: 3
A55: Total Neural Pathways: | C55: =COUNTIF('Anatomy Growth Engine'!K177:K194,"✅ Mature")&" of 18 mature" -> 18 of 18 mature
A57: ❤️ CIRCULATORY SYSTEM DASHBOARD
A59: Heart Rate (BPM): | B59: =IF(B5<40,120+B18*30,MAX(80,147-((B5-40)/52)*47)) -> 137.96154 | C59: BPM | D59: 💓 Heartbeat: | E59: =REPT("💓 ",MIN(5,ROUND(B59/30,0))) -> 💓 💓 💓 💓 💓
A60: Cardiac Output (L/min): | B60: =ROUND((B59 * 0.002 * B18), 3) -> 0.276 | C60: L/min | D60: Pulse Pattern: | E60: =IF(B59>160,"Rapid fetal rhythm",IF(B59>130,"Normal fetal rhythm",IF(B59>110,"Slow fetal rhythm","Bradycardic"))) -> Normal fetal rhythm
A61: Blood Flow (L/min): | B61: =ROUND(B60 * (1 + B18), 3) -> 0.552 | C61: L/min
A62: Oxygen Demand: | B62: =ROUND(B18 * 0.9, 2) -> 0.9 | C62: (0-1) | D62: 🩸 Cord Flow: | E62: =IF(B27="🔗 CONNECTED","Active umbilical circulation","Cord severed") -> Cord severed
A63: Baroreceptor Feedback: | B63: =ROUND(B60 * 0.1, 2) -> 0.03 | C63: (0-1)
A64: Stroke Volume (mL): | B64: =ROUND(2 * B18, 1) -> 2 | C64: mL | D64: 🫀 Chamber Activity: | E64: =IF(B5>=3,"4-chamber pumping","Primitive tube") -> 4-chamber pumping
A65: Blood Pressure Status: | B65: =IF(B59>170,"🔴 TACHYCARDIA",IF(B59<110,"🔵 BRADYCARDIA","🟢 NORMAL")) -> 🟢 NORMAL | D65: 🩸 Blood Volume: | E65: =ROUND(B18 * 300, 0) & " mL" -> 300 mL
A66: Circulatory Maturity: | B66: =ROUND((B5 - 8) / (28 - 8) * 100, 0) & "%" -> 210%
A67: Circulatory Status: | B67: =IF(B5<8,"⏳ NOT STARTED",IF(B5<28,"🔄 DEVELOPING","✅ MATURE")) -> ✅ MATURE
A69: 🫁 RESPIRATORY SYSTEM DASHBOARD
A71: Breathing Rate (BPM): | B71: =40+(B62*20)-(B76*10) -> 57.28 | C71: BPM | D71: 🌬️ Breath Pattern: | E71: =IF(B5>=8,REPT("🌬️ ",MIN(5,ROUND(B71/10,0))),"⏳ Not active") -> 🌬️ 🌬️ 🌬️ 🌬️ 🌬️
A72: Tidal Volume (mL): | B72: =5+(B18*10) -> 15 | C72: mL | D72: Lung Expansion: | E72: =IF(B78>=0.8,"Full expansion",IF(B78>=0.5,"Partial expansion","Minimal")) -> Full expansion
A73: Oxygen Level: | B73: =MIN(1,B26+B75*0.5) -> 0.71 | C73: (0-1)
A74: CO₂ Level: | B74: =MAX(0,1-B73-0.2) -> 0.09 | C74: (0-1) | D74: 🫁 Alveoli Status: | E74: =IF(B5>=28,"O₂/CO₂ exchange active",IF(B5>=12,"Forming gas exchange surfaces","Pre-alveolar stage")) -> O₂/CO₂ exchange active
A75: Exchange Efficiency: | B75: =AVERAGE('Respiratory Control'!L:L) -> 1 | C75: %
A76: Chemoreceptor Feedback: | B76: =B74*0.8 -> 0.072 | C76: (0-1) | D76: 🔄 Diaphragm Cycle: | E76: =IF(B5>=8,"Rhythmic contractions active","⏳ Awaiting neural activation") -> Rhythmic contractions active
A77: Airflow Rate: | B77: =B71*B72/1000 -> 0.8592 | C77: L/min
A78: Respiratory Maturity: | B78: =AVERAGE('Respiratory Control'!L:L) -> 1 | C78: %
A79: Respiratory Status: | B79: =IF(B78>=1,"✅ MATURE",IF(B78>=0.5,"🔄 DEVELOPING","⏳ DORMANT")) -> ✅ MATURE
A81: 🔗 CARDIO-RESPIRATORY INTEGRATION
A83: O₂ Delivery Rate: | B83: =B61*B73 -> 0.39192 | C83: L O₂/min | D83: System Sync: | E83: =IF(AND(B66>=0.5,B78>=0.5),"🟢 SYNCHRONIZED","🟡 SYNCING") -> 🟢 SYNCHRONIZED
A84: CO₂ Removal Rate: | B84: =B61*B74 -> 0.04968 | C84: L CO₂/min | D84: Ventilation-Perfusion: | E84: =IF(B77/B61>0.8,"🟢 OPTIMAL",IF(B77/B61>0.5,"🟡 ADEQUATE","🔴 LOW")) -> 🟢 OPTIMAL
A86: 🍼 INFANT DEVELOPMENT LINK
A88: 🧠 ADOLESCENT DEVELOPMENT SUMMARY | B88: ='Infant Development'!B7 -> 10 | C88: weeks
A89: Metric | B89: Value | D89: Metric | E89: Value
A90: Age (Years):
A91: Development Phase: | B91: ='Adolescent Development'!B9 -> 👶 Infant | D91: Identity Formation: | E91: ='Adolescent Development'!G7&"%" -> 0%
A92: Puberty Status: | B92: ='Adolescent Development'!B10 -> ⏳ Pre-Puberty | D92: Emotional Regulation: | E92: ='Adolescent Development'!G6&"%" -> 20%
A93: Neural Pathways: | B93: ='Adolescent Development'!B61 -> 0 of 5 | D93: Overall Maturity: | E93: ='Adolescent Development'!G14&"%" -> 12%
A94: Identity Stages: | B94: ='Adolescent Development'!B60 -> 0 of 10 | D94: Adolescent Progress: | E94: ='Adolescent Development'!B63 -> 🧒 Pre-Adolescent
A95: Expression Rate
A96: Comprehension Rate | B96: ='Cognition & Language'!G8 -> 0.54166667
A97: Memory Capacity | B97: ='Cognition & Language'!G9 -> 58.333333
A98: Reasoning Index | B98: ='Cognition & Language'!G10 -> 0.37254902
A99: Mind-Language Integration | B99: ='Cognition & Language'!B64 -> 0.49534314
A100: Communication Status | B100: ='Cognition & Language'!B65 -> 🟢 Developing
A101: 👁️ SENSORY INTEGRATION DASHBOARD
A103: Modality | B103: Components | C103: Avg Maturity | D103: Signal Strength | E103: Status
A104: 👁️ Vision | B104: =COUNTIF('Sensory Integration'!S:S,"Vision") -> 3 | C104: =AVERAGEIF('Sensory Integration'!S:S,"Vision",'Sensory Integration'!L:L) -> 1 | D104: =AVERAGEIF('Sensory Integration'!S:S,"Vision",'Sensory Integration'!R:R) -> 1.7 | E104: =IF(C104<0.3,"⏳ Dormant",IF(C104<1,"🔄 Developing","✅ Mature")) -> ✅ Mature
A105: 👂 Auditory | B105: =COUNTIF('Sensory Integration'!S:S,"Auditory") -> 3 | C105: =AVERAGEIF('Sensory Integration'!S:S,"Auditory",'Sensory Integration'!L:L) -> 1 | D105: =AVERAGEIF('Sensory Integration'!S:S,"Auditory",'Sensory Integration'!R:R) -> 1.7 | E105: =IF(C105<0.3,"⏳ Dormant",IF(C105<1,"🔄 Developing","✅ Mature")) -> ✅ Mature
A106: ✋ Touch | B106: =COUNTIF('Sensory Integration'!S:S,"Touch") -> 4 | C106: =AVERAGEIF('Sensory Integration'!S:S,"Touch",'Sensory Integration'!L:L) -> 1 | D106: =AVERAGEIF('Sensory Integration'!S:S,"Touch",'Sensory Integration'!R:R) -> 1.55 | E106: =IF(C106<0.3,"⏳ Dormant",IF(C106<1,"🔄 Developing","✅ Mature")) -> ✅ Mature
A107: 👅 Taste | B107: =COUNTIF('Sensory Integration'!S:S,"Taste") -> 2 | C107: =AVERAGEIF('Sensory Integration'!S:S,"Taste",'Sensory Integration'!L:L) -> 1 | D107: =AVERAGEIF('Sensory Integration'!S:S,"Taste",'Sensory Integration'!R:R) -> 1.65 | E107: =IF(C107<0.3,"⏳ Dormant",IF(C107<1,"🔄 Developing","✅ Mature")) -> ✅ Mature
A108: 👃 Smell | B108: =COUNTIF('Sensory Integration'!S:S,"Smell") -> 2 | C108: =AVERAGEIF('Sensory Integration'!S:S,"Smell",'Sensory Integration'!L:L) -> 1 | D108: =AVERAGEIF('Sensory Integration'!S:S,"Smell",'Sensory Integration'!R:R) -> 1.55 | E108: =IF(C108<0.3,"⏳ Dormant",IF(C108<1,"🔄 Developing","✅ Mature")) -> ✅ Mature
A109: ⚖️ Balance | B109: =COUNTIF('Sensory Integration'!S:S,"Balance") -> 1 | C109: =AVERAGEIF('Sensory Integration'!S:S,"Balance",'Sensory Integration'!L:L) -> 1 | D109: =AVERAGEIF('Sensory Integration'!S:S,"Balance",'Sensory Integration'!R:R) -> 1.7 | E109: =IF(C109<0.3,"⏳ Dormant",IF(C109<1,"🔄 Developing","✅ Mature")) -> ✅ Mature
A111: Total Sensory Components: | B111: =COUNTA('Sensory Integration'!A2:A16) -> 15
A112: Overall Sensory Maturity: | B112: =AVERAGE('Sensory Integration'!L2:L16) -> 1
A113: Sensory Coherence: | B113: =AVERAGE('Sensory Integration'!R2:R16)/MAX('Sensory Integration'!R2:R16) -> 0.90740741 | D113: Unified perception index
A114: Sensory Status: | B114: =IF(B112<0.5,"⏳ DEVELOPING",IF(B112<0.9,"🔄 MATURING","✅ INTEGRATED")) -> ✅ INTEGRATED
A117: 🧠 PERCEPTUAL INTEGRATION [MERGED 1x6]
A119: Integration Metric | B119: Value | C119: Unit | D119: Description
A120: Visual Acuity: | B120: =AVERAGEIF('Sensory Integration'!S:S,"Vision",'Sensory Integration'!R:R)*100 -> 170 | C120: % | D120: Light detection & pattern recognition
A121: Auditory Sensitivity: | B121: =AVERAGEIF('Sensory Integration'!S:S,"Auditory",'Sensory Integration'!R:R)*100 -> 170 | C121: % | D121: Sound frequency detection
A122: Tactile Response: | B122: =AVERAGEIF('Sensory Integration'!S:S,"Touch",'Sensory Integration'!R:R)*100 -> 155 | C122: % | D122: Pressure, temperature, pain sensing
...

Sheet Respiratory Control
A1: Name | B1: Controlled Structure | C1: Neural Region | D1: Control Type | E1: Signal Pathway | F1: Feedback Source | G1: Activation Week | H1: Full Maturity Week | I1: Domain | J1: Current Week | K1: Growth Status | L1: Maturity %
A2: Lungs | B2: Organ | C2: Autonomic System | D2: Rhythmic | E2: Vagal Pathway | F2: Chemoreceptors | G2: 8 | H2: 28 | I2: Embodiment | J2: ='DNA Loop Engine'!$B$5 -> 50 | K2: =IF(J2<G2,"⏳ Dormant",IF(J2>=H2,"✅ Mature","🔄 Developing")) -> ✅ Mature | L2: =IF(J2<G2,0,IF(J2>=H2,100%,(J2-G2)/(H2-G2))) -> 1
A3: Trachea | B3: Organ | C3: Autonomic System | D3: Airflow Regulation | E3: Sympathetic Pathway | F3: Stretch Receptors | G3: 8 | H3: 28 | I3: Embodiment | J3: ='DNA Loop Engine'!$B$5 -> 50 | K3: =IF(J3<G3,"⏳ Dormant",IF(J3>=H3,"✅ Mature","🔄 Developing")) -> ✅ Mature | L3: =IF(J3<G3,0,IF(J3>=H3,100%,(J3-G3)/(H3-G3))) -> 1
A4: Bronchi | B4: Organ | C4: Autonomic System | D4: Air Distribution | E4: Vagal Pathway | F4: Pressure Sensors | G4: 8 | H4: 28 | I4: Embodiment | J4: ='DNA Loop Engine'!$B$5 -> 50 | K4: =IF(J4<G4,"⏳ Dormant",IF(J4>=H4,"✅ Mature","🔄 Developing")) -> ✅ Mature | L4: =IF(J4<G4,0,IF(J4>=H4,100%,(J4-G4)/(H4-G4))) -> 1
A5: Bronchioles | B5: Organ | C5: Autonomic System | D5: Micro-Airflow | E5: Local Autoregulation | F5: Oxygen Sensors | G5: 12 | H5: 28 | I5: Embodiment | J5: ='DNA Loop Engine'!$B$5 -> 50 | K5: =IF(J5<G5,"⏳ Dormant",IF(J5>=H5,"✅ Mature","🔄 Developing")) -> ✅ Mature | L5: =IF(J5<G5,0,IF(J5>=H5,100%,(J5-G5)/(H5-G5))) -> 1
A6: Alveoli | B6: Organ | C6: Autonomic System | D6: Oxygen Exchange | E6: Local Autoregulation | F6: O₂/CO₂ Sensors | G6: 12 | H6: 28 | I6: Embodiment | J6: ='DNA Loop Engine'!$B$5 -> 50 | K6: =IF(J6<G6,"⏳ Dormant",IF(J6>=H6,"✅ Mature","🔄 Developing")) -> ✅ Mature | L6: =IF(J6<G6,0,IF(J6>=H6,100%,(J6-G6)/(H6-G6))) -> 1
A7: Diaphragm | B7: Muscle | C7: Brainstem | D7: Rhythmic Motor | E7: Phrenic Nerve Pathway | F7: Stretch Receptors | G7: 8 | H7: 28 | I7: Motor Control | J7: ='DNA Loop Engine'!$B$5 -> 50 | K7: =IF(J7<G7,"⏳ Dormant",IF(J7>=H7,"✅ Mature","🔄 Developing")) -> ✅ Mature | L7: =IF(J7<G7,0,IF(J7>=H7,100%,(J7-G7)/(H7-G7))) -> 1
A8: Intercostal Muscles | B8: Muscle | C8: Brainstem | D8: Rhythmic Motor | E8: Spinal Respiratory Pathway | F8: Stretch Receptors | G8: 8 | H8: 28 | I8: Motor Control | J8: ='DNA Loop Engine'!$B$5 -> 50 | K8: =IF(J8<G8,"⏳ Dormant",IF(J8>=H8,"✅ Mature","🔄 Developing")) -> ✅ Mature | L8: =IF(J8<G8,0,IF(J8>=H8,100%,(J8-G8)/(H8-G8))) -> 1
A9: Nasal Cavity | B9: Organ | C9: Autonomic System | D9: Air Filtration | E9: Trigeminal Pathway | F9: Temperature Sensors | G9: 8 | H9: 28 | I9: Sensing | J9: ='DNA Loop Engine'!$B$5 -> 50 | K9: =IF(J9<G9,"⏳ Dormant",IF(J9>=H9,"✅ Mature","🔄 Developing")) -> ✅ Mature | L9: =IF(J9<G9,0,IF(J9>=H9,100%,(J9-G9)/(H9-G9))) -> 1
A10: Pharynx | B10: Organ | C10: Autonomic System | D10: Air Passage | E10: Glossopharyngeal Pathway | F10: Pressure Sensors | G10: 8 | H10: 28 | I10: Sensing | J10: ='DNA Loop Engine'!$B$5 -> 50 | K10: =IF(J10<G10,"⏳ Dormant",IF(J10>=H10,"✅ Mature","🔄 Developing")) -> ✅ Mature | L10: =IF(J10<G10,0,IF(J10>=H10,100%,(J10-G10)/(H10-G10))) -> 1
A11: Larynx | B11: Organ | C11: Autonomic System | D11: Airflow Modulation | E11: Vagal Pathway | F11: Sound/Vibration Sensors | G11: 8 | H11: 28 | I11: Sensing | J11: ='DNA Loop Engine'!$B$5 -> 50 | K11: =IF(J11<G11,"⏳ Dormant",IF(J11>=H11,"✅ Mature","🔄 Developing")) -> ✅ Mature | L11: =IF(J11<G11,0,IF(J11>=H11,100%,(J11-G11)/(H11-G11))) -> 1

Sheet Circulatory System
A1: Name | B1: Controlled Structure | C1: Neural Region | D1: Control Type | E1: Signal Pathway | F1: Feedback Source | G1: Activation Week | H1: Full Maturity Week | I1: Domain | J1: Current Week | K1: Growth Status | L1: Maturity % | M1: Local X | N1: Local Y | O1: Local Z | P1: Connection To | Q1: Flow Direction | R1: Flow Rate Factor
A2: Heart | B2: Organ | C2: Autonomic System | D2: Homeostatic | E2: Vagal Pathway | F2: Baroreceptors | G2: 8 | H2: 28 | I2: Embodiment | J2: ='DNA Loop Engine'!$B$5 -> 50 | K2: =IF(J2<G2,"⏳ Pending",IF(J2>=H2,"✅ Mature","🔄 Developing")) -> ✅ Mature | L2: =IF(J2<G2,0%,IF(J2>=H2,100%,(J2-G2)/(H2-G2))) -> 1 | M2: 0 | N2: 0.35 | O2: 0.05 | P2: Sternum | Q2: Central Pump | R2: 1
A3: Aorta | B3: Vessel | C3: Autonomic System | D3: Pressure Regulation | E3: Sympathetic Pathway | F3: Stretch Receptors | G3: 8 | H3: 28 | I3: Embodiment | J3: ='DNA Loop Engine'!$B$5 -> 50 | K3: =IF(J3<G3,"⏳ Pending",IF(J3>=H3,"✅ Mature","🔄 Developing")) -> ✅ Mature | L3: =IF(J3<G3,0%,IF(J3>=H3,100%,(J3-G3)/(H3-G3))) -> 1 | M3: 0 | N3: 0.4 | O3: 0.03 | P3: Heart | Q3: Ascending | R3: 0.95
A4: Pulmonary Artery | B4: Vessel | C4: Autonomic System | D4: Oxygen Exchange | E4: Vagal Pathway | F4: Chemoreceptors | G4: 8 | H4: 28 | I4: Embodiment | J4: ='DNA Loop Engine'!$B$5 -> 50 | K4: =IF(J4<G4,"⏳ Pending",IF(J4>=H4,"✅ Mature","🔄 Developing")) -> ✅ Mature | L4: =IF(J4<G4,0%,IF(J4>=H4,100%,(J4-G4)/(H4-G4))) -> 1 | M4: 0 | N4: 0.38 | O4: -0.02 | P4: Heart | Q4: To Lungs | R4: 0.9
A5: Pulmonary Veins | B5: Vessel | C5: Autonomic System | D5: Oxygen Return | E5: Vagal Pathway | F5: Chemoreceptors | G5: 8 | H5: 28 | I5: Embodiment | J5: ='DNA Loop Engine'!$B$5 -> 50 | K5: =IF(J5<G5,"⏳ Pending",IF(J5>=H5,"✅ Mature","🔄 Developing")) -> ✅ Mature | L5: =IF(J5<G5,0%,IF(J5>=H5,100%,(J5-G5)/(H5-G5))) -> 1 | M5: 0 | N5: 0.36 | O5: -0.02 | P5: Lungs | Q5: From Lungs | R5: 0.9
A6: Vena Cava | B6: Vessel | C6: Autonomic System | D6: Venous Return | E6: Sympathetic Pathway | F6: Pressure Sensors | G6: 8 | H6: 28 | I6: Embodiment | J6: ='DNA Loop Engine'!$B$5 -> 50 | K6: =IF(J6<G6,"⏳ Pending",IF(J6>=H6,"✅ Mature","🔄 Developing")) -> ✅ Mature | L6: =IF(J6<G6,0%,IF(J6>=H6,100%,(J6-G6)/(H6-G6))) -> 1 | M6: 0 | N6: 0.3 | O6: 0 | P6: Heart | Q6: To Heart | R6: 0.85
A7: Coronary Arteries | B7: Vessel | C7: Autonomic System | D7: Cardiac Perfusion | E7: Sympathetic Pathway | F7: Baroreceptors | G7: 8 | H7: 28 | I7: Embodiment | J7: ='DNA Loop Engine'!$B$5 -> 50 | K7: =IF(J7<G7,"⏳ Pending",IF(J7>=H7,"✅ Mature","🔄 Developing")) -> ✅ Mature | L7: =IF(J7<G7,0%,IF(J7>=H7,100%,(J7-G7)/(H7-G7))) -> 1 | M7: 0.02 | N7: 0.36 | O7: 0.04 | P7: Aorta | Q7: Cardiac Supply | R7: 0.8
A8: Capillary Networks | B8: Vessel | C8: Autonomic System | D8: Microcirculation | E8: Local Autoregulation | F8: Oxygen Sensors | G8: 12 | H8: 28 | I8: Embodiment | J8: ='DNA Loop Engine'!$B$5 -> 50 | K8: =IF(J8<G8,"⏳ Pending",IF(J8>=H8,"✅ Mature","🔄 Developing")) -> ✅ Mature | L8: =IF(J8<G8,0%,IF(J8>=H8,100%,(J8-G8)/(H8-G8))) -> 1 | M8: 0 | N8: 0 | O8: 0 | P8: Arterioles | Q8: Bidirectional | R8: 0.7
A9: Blood | B9: Fluid | C9: Autonomic System | D9: Transport Medium | E9: Endocrine Feedback | F9: Hemoglobin Sensors | G9: 12 | H9: 28 | I9: Embodiment | J9: ='DNA Loop Engine'!$B$5 -> 50 | K9: =IF(J9<G9,"⏳ Pending",IF(J9>=H9,"✅ Mature","🔄 Developing")) -> ✅ Mature | L9: =IF(J9<G9,0%,IF(J9>=H9,100%,(J9-G9)/(H9-G9))) -> 1 | M9: 0 | N9: 0 | O9: 0 | P9: All Vessels | Q9: Circulating | R9: 1
A10: Superior Vena Cava | B10: Vessel | C10: Autonomic System | D10: Upper Body Return | E10: Sympathetic Pathway | F10: Pressure Sensors | G10: 8 | H10: 28 | I10: Embodiment | J10: ='DNA Loop Engine'!$B$5 -> 50 | K10: =IF(J10<G10,"⏳ Pending",IF(J10>=H10,"✅ Mature","🔄 Developing")) -> ✅ Mature | L10: =IF(J10<G10,0%,IF(J10>=H10,100%,(J10-G10)/(H10-G10))) -> 1 | M10: 0 | N10: 0.45 | O10: 0 | P10: Heart | Q10: Upper Return | R10: 0.85
A11: Inferior Vena Cava | B11: Vessel | C11: Autonomic System | D11: Lower Body Return | E11: Sympathetic Pathway | F11: Pressure Sensors | G11: 8 | H11: 28 | I11: Embodiment | J11: ='DNA Loop Engine'!$B$5 -> 50 | K11: =IF(J11<G11,"⏳ Pending",IF(J11>=H11,"✅ Mature","🔄 Developing")) -> ✅ Mature | L11: =IF(J11<G11,0%,IF(J11>=H11,100%,(J11-G11)/(H11-G11))) -> 1 | M11: 0 | N11: 0.2 | O11: 0 | P11: Heart | Q11: Lower Return | R11: 0.85
A12: Carotid Arteries | B12: Vessel | C12: Autonomic System | D12: Cerebral Perfusion | E12: Sympathetic Pathway | F12: Baroreceptors | G12: 8 | H12: 28 | I12: Embodiment | J12: ='DNA Loop Engine'!$B$5 -> 50 | K12: =IF(J12<G12,"⏳ Pending",IF(J12>=H12,"✅ Mature","🔄 Developing")) -> ✅ Mature | L12: =IF(J12<G12,0%,IF(J12>=H12,100%,(J12-G12)/(H12-G12))) -> 1 | M12: 0.05 | N12: 0.6 | O12: 0.02 | P12: Aorta | Q12: To Brain | R12: 0.9
A13: Jugular Veins | B13: Vessel | C13: Autonomic System | D13: Cerebral Drainage | E13: Sympathetic Pathway | F13: Pressure Sensors | G13: 8 | H13: 28 | I13: Embodiment | J13: ='DNA Loop Engine'!$B$5 -> 50 | K13: =IF(J13<G13,"⏳ Pending",IF(J13>=H13,"✅ Mature","🔄 Developing")) -> ✅ Mature | L13: =IF(J13<G13,0%,IF(J13>=H13,100%,(J13-G13)/(H13-G13))) -> 1 | M13: 0.06 | N13: 0.55 | O13: 0 | P13: Brain | Q13: From Brain | R13: 0.85
... A19: Foramen Ovale | B19: Fetal Shunt | C19: Autonomic System | D19: Atrial Shunt | E19: Local Autoregulation | F19: Pressure Sensors | G19: 6 | H19: 40 | I19: Embodiment | J19: ='DNA Loop Engine'!$B$5 -> 50 | K19: =IF(J19<G19,"⏳ Pending",IF(J19>=H19,"✅ Mature","🔄 Developing")) -> ✅ Mature | L19: =IF(J19<G19,0%,IF(J19>=H19,100%,(J19-G19)/(H19-G19))) -> 1 | M19: 0 | N19: 0.35 | O19: 0.02 | P19: Atria | Q19: Atrial Bypass | R19: 0.9
A22: 🩸 CIRCULATORY SYSTEM SUMMARY
A24: Parameter | B24: Value | C24: Unit | E24: 🔗 CROSS-SYSTEM LINKS
A25: Total Components: | B25: =COUNTA(CirculatorySystem[Name]) -> 18 | E25: Linked Sheet | F25: Connection
A26: Vessels: | B26: =COUNTIF(CirculatorySystem[Controlled Structure],"Vessel") -> 14 | E26: DNA Loop Engine | F26: Current Week (B5)
A27: Organs: | B27: =COUNTIF(CirculatorySystem[Controlled Structure],"Organ") -> 1 | E27: Respiratory Control | F27: O₂ Exchange
A28: Fetal Shunts: | B28: =COUNTIF(CirculatorySystem[Controlled Structure],"Fetal Shunt") -> 2 | E28: Anatomy Growth Engine | F28: Heart Coordinates
A29: Fluids: | B29: =COUNTIF(CirculatorySystem[Controlled Structure],"Fluid") -> 1 | E29: Neural Control | F29: Autonomic Pathways
A31: ⏳ Pending: | B31: =COUNTIF(CirculatorySystem[Growth Status],"⏳ Pending") -> 0
A32: 🔄 Developing: | B32: =COUNTIF(CirculatorySystem[Growth Status],"🔄 Developing") -> 0
A33: ✅ Mature: | B33: =COUNTIF(CirculatorySystem[Growth Status],"✅ Mature") -> 18
A35: Average Maturity: | B35: =AVERAGE(CirculatorySystem[Maturity %]) -> 1 | C35: %
A37: 🫀 CARDIAC METRICS (from DNA Loop Engine)
A39: Heart Rate: | B39: ='DNA Loop Engine'!B59 -> 137.96154 | C39: BPM | E39: Status: | F39: ='DNA Loop Engine'!B67 -> ✅ MATURE
A40: Cardiac Output: | B40: ='DNA Loop Engine'!B60 -> 0.276 | C40: L/min
A41: Blood Flow: | B41: ='DNA Loop Engine'!B61 -> 0.552 | C41: L/min
A42: Blood Volume: | B42: ='DNA Loop Engine'!E65 -> 300 mL
A44: 🔗 RESPIRATORY SYNC
A46: O₂ Delivery Rate: | B46: ='DNA Loop Engine'!B83 -> 0.39192 | C46: L O₂/min
A47: CO₂ Removal Rate: | B47: ='DNA Loop Engine'!B84 -> 0.04968 | C47: L CO₂/min
A48: System Sync: | B48: ='DNA Loop Engine'!E83 -> 🟢 SYNCHRONIZED
A50: 🧬 FETAL CIRCULATION STATUS
A52: Umbilical Flow: | B52: =IF('DNA Loop Engine'!B5<40,"🔗 ACTIVE","❌ SEVERED") -> ❌ SEVERED
A53: Ductus Arteriosus: | B53: =IF('DNA Loop Engine'!B5<40,"🔓 OPEN","🔒 CLOSING") -> 🔒 CLOSING
A54: Foramen Ovale: | B54: =IF('DNA Loop Engine'!B5<40,"🔓 OPEN","🔒 CLOSING") -> 🔒 CLOSING

Sheet Digestive Control
A1: Name | B1: Controlled Structure | C1: Neural Region | D1: Control Type | E1: Signal Pathway | F1: Feedback Source | G1: Activation Week | H1: Full Maturity Week | I1: Domain | J1: Current Week | K1: Growth Status | L1: Maturity % | M1: Local X | N1: Local Y | O1: Local Z | P1: Connection To | Q1: Flow Direction | R1: Flow Rate Factor
A2: Mouth | B2: Organ | C2: Brainstem | D2: Autonomic | E2: Trigeminal Pathway | F2: Taste Receptors | G2: 8 | H2: 28 | I2: Sensing | J2: ='DNA Loop Engine'!$B$5 -> 50 | K2: =IF(J2<G2,"⏳ Pending",IF(J2>=H2,"✅ Mature","🔄 Developing")) -> ✅ Mature | L2: =IF(J2<G2,0,IF(J2>=H2,1,(J2-G2)/(H2-G2))) -> 1 | M2: 0 | N2: 0.7 | O2: 0.12 | P2: Skull | Q2: Intake | R2: 0.9
A3: Pharynx | B3: Organ | C3: Brainstem | D3: Autonomic | E3: Glossopharyngeal Pathway | F3: Pressure Sensors | G3: 8 | H3: 28 | I3: Sensing | J3: ='DNA Loop Engine'!$B$5 -> 50 | K3: =IF(J3<G3,"⏳ Pending",IF(J3>=H3,"✅ Mature","🔄 Developing")) -> ✅ Mature | L3: =IF(J3<G3,0,IF(J3>=H3,1,(J3-G3)/(H3-G3))) -> 1 | M3: 0 | N3: 0.65 | O3: 0.08 | P3: Mouth | Q3: Passage | R3: 0.85
A4: Esophagus | B4: Organ | C4: Autonomic System | D4: Peristaltic | E4: Vagal Pathway | F4: Stretch Receptors | G4: 8 | H4: 28 | I4: Embodiment | J4: ='DNA Loop Engine'!$B$5 -> 50 | K4: =IF(J4<G4,"⏳ Pending",IF(J4>=H4,"✅ Mature","🔄 Developing")) -> ✅ Mature | L4: =IF(J4<G4,0,IF(J4>=H4,1,(J4-G4)/(H4-G4))) -> 1 | M4: 0 | N4: 0.5 | O4: 0.02 | P4: Pharynx | Q4: Descending | R4: 0.8
A5: Stomach | B5: Organ | C5: Autonomic System | D5: Churning | E5: Vagal Pathway | F5: Chemical Sensors | G5: 8 | H5: 28 | I5: Embodiment | J5: ='DNA Loop Engine'!$B$5 -> 50 | K5: =IF(J5<G5,"⏳ Pending",IF(J5>=H5,"✅ Mature","🔄 Developing")) -> ✅ Mature | L5: =IF(J5<G5,0,IF(J5>=H5,1,(J5-G5)/(H5-G5))) -> 1 | M5: 0.05 | N5: 0.3 | O5: 0.05 | P5: Esophagus | Q5: Processing | R5: 0.85
A6: Small Intestine | B6: Organ | C6: Autonomic System | D6: Peristaltic | E6: Vagal Pathway | F6: Nutrient Sensors | G6: 12 | H6: 28 | I6: Embodiment | J6: ='DNA Loop Engine'!$B$5 -> 50 | K6: =IF(J6<G6,"⏳ Pending",IF(J6>=H6,"✅ Mature","🔄 Developing")) -> ✅ Mature | L6: =IF(J6<G6,0,IF(J6>=H6,1,(J6-G6)/(H6-G6))) -> 1 | M6: 0 | N6: 0.15 | O6: 0.05 | P6: Stomach | Q6: Absorption | R6: 0.9
A7: Large Intestine | B7: Organ | C7: Autonomic System | D7: Absorptive | E7: Local Autoregulation | F7: Pressure Sensors | G7: 12 | H7: 28 | I7: Embodiment | J7: ='DNA Loop Engine'!$B$5 -> 50 | K7: =IF(J7<G7,"⏳ Pending",IF(J7>=H7,"✅ Mature","🔄 Developing")) -> ✅ Mature | L7: =IF(J7<G7,0,IF(J7>=H7,1,(J7-G7)/(H7-G7))) -> 1 | M7: 0.08 | N7: 0.1 | O7: 0 | P7: Small Intestine | Q7: Processing | R7: 0.75
A8: Liver | B8: Organ | C8: Autonomic System | D8: Metabolic Regulation | E8: Sympathetic Pathway | F8: Glucose Sensors | G8: 12 | H8: 28 | I8: Embodiment | J8: ='DNA Loop Engine'!$B$5 -> 50 | K8: =IF(J8<G8,"⏳ Pending",IF(J8>=H8,"✅ Mature","🔄 Developing")) -> ✅ Mature | L8: =IF(J8<G8,0,IF(J8>=H8,1,(J8-G8)/(H8-G8))) -> 1 | M8: 0.1 | N8: 0.28 | O8: 0.03 | P8: Hepatic Portal Vein | Q8: Filtration | R8: 0.95
A9: Gallbladder | B9: Organ | C9: Autonomic System | D9: Bile Release | E9: Vagal Pathway | F9: Chemical Sensors | G9: 12 | H9: 28 | I9: Embodiment | J9: ='DNA Loop Engine'!$B$5 -> 50 | K9: =IF(J9<G9,"⏳ Pending",IF(J9>=H9,"✅ Mature","🔄 Developing")) -> ✅ Mature | L9: =IF(J9<G9,0,IF(J9>=H9,1,(J9-G9)/(H9-G9))) -> 1 | M9: 0.08 | N9: 0.26 | O9: 0.04 | P9: Liver | Q9: Secretion | R9: 0.7
A10: Pancreas | B10: Organ | C10: Autonomic System | D10: Enzyme Secretion | E10: Sympathetic Pathway | F10: Glucose Sensors | G10: 12 | H10: 28 | I10: Embodiment | J10: ='DNA Loop Engine'!$B$5 -> 50 | K10: =IF(J10<G10,"⏳ Pending",IF(J10>=H10,"✅ Mature","🔄 Developing")) -> ✅ Mature | L10: =IF(J10<G10,0,IF(J10>=H10,1,(J10-G10)/(H10-G10))) -> 1 | M10: -0.05 | N10: 0.25 | O10: 0.02 | P10: Stomach | Q10: Secretion | R10: 0.85
A11: Rectum | B11: Organ | C11: Autonomic System | D11: Expulsion Control | E11: Spinal Reflex Arc | F11: Pressure Sensors | G11: 12 | H11: 28 | I11: Embodiment | J11: ='DNA Loop Engine'!$B$5 -> 50 | K11: =IF(J11<G11,"⏳ Pending",IF(J11>=H11,"✅ Mature","🔄 Developing")) -> ✅ Mature | L11: =IF(J11<G11,0,IF(J11>=H11,1,(J11-G11)/(H11-G11))) -> 1 | M11: 0 | N11: -0.15 | O11: -0.05 | P11: Large Intestine | Q11: Output | R11: 0.6
A14: 🍽️ DIGESTIVE SYSTEM SUMMARY
A16: Parameter | B16: Value | C16: Unit | E16: 🔗 CROSS-SYSTEM LINKS
A17: Total Components: | B17: =COUNTA(DigestiveControl[Name]) -> 10 | E17: Linked Sheet | F17: Connection
A18: Organs: | B18: =COUNTIF(DigestiveControl[Controlled Structure],"Organ") -> 10 | E18: DNA Loop Engine | F18: Current Week (B5)
E19: Circulatory System | F19: Nutrient Transport
A20: ⏳ Pending: | B20: =COUNTIF(DigestiveControl[Growth Status],"⏳ Pending") -> 0 | E20: Respiratory Control | F20: O₂ for Metabolism
A21: 🔄 Developing: | B21: =COUNTIF(DigestiveControl[Growth Status],"🔄 Developing") -> 0 | E21: Anatomy Growth Engine | F21: Organ Coordinates
A22: ✅ Mature: | B22: =COUNTIF(DigestiveControl[Growth Status],"✅ Mature") -> 10 | E22: Umbilical System | F22: Prenatal Nutrients
A24: Average Maturity: | B24: =AVERAGE(DigestiveControl[Maturity %]) -> 1 | C24: %
A27: 🥗 DIGESTIVE METRICS DASHBOARD
A29: Parameter | B29: Value | C29: Unit | E29: Status | F29: Visual
A30: Peristalsis Rate: | B30: =20+('DNA Loop Engine'!B18*30) -> 50 | C30: cycles/min | E30: 🔄 Peristaltic Motion: | F30: 🌊 🌊 🌊 🌊 🌊
A31: Nutrient Demand: | B31: ='DNA Loop Engine'!B18*0.8 -> 0.8 | C31: (0-1) | E31: Gut Activity: | F31: =IF(B31>0.5,"Active churning","Minimal activity") -> Active churning
A32: Absorption Efficiency: | B32: =AVERAGE(DigestiveControl[Maturity %])*0.95 -> 0.95 | C32: %
A33: Enzyme Secretion: | B33: =AVERAGE(DigestiveControl[Maturity %])*0.9 -> 0.9 | C33: (0-1) | E33: 🧬 Enzyme Status: | F33: =IF(B33>0.7,"Full secretion","Developing") -> Full secretion
A34: Bile Flow: | B34: =INDEX(DigestiveControl[Maturity %],MATCH("Gallbladder",DigestiveControl[Name],0))*0.8 -> 0.8 | C34: (0-1)
A35: Glucose Processing: | B35: =INDEX(DigestiveControl[Maturity %],MATCH("Liver",DigestiveControl[Name],0)) -> 1 | C35: (0-1) | E35: 🍬 Glucose Status: | F35: =IF(B35>0.7,"Metabolizing","Developing") -> Metabolizing
A36: Waste Output: | B36: =INDEX(DigestiveControl[Maturity %],MATCH("Rectum",DigestiveControl[Name],0))*0.5 -> 0.5 | C36: (0-1)
A38: Digestive Maturity: | B38: =AVERAGE(DigestiveControl[Maturity %]) -> 1 | C38: %
A39: Digestive Status: | B39: =IF(B38<0.5,"⏳ IMMATURE",IF(B38<1,"🔄 DEVELOPING","✅ MATURE")) -> ✅ MATURE
A42: 🔗 NUTRIENT-CIRCULATORY INTEGRATION
A44: Metric | B44: Value | C44: Unit | E44: Sync Status
A45: Nutrient Delivery Rate: | B45: ='DNA Loop Engine'!B24 -> 0 | C45: (0-1) | E45: =IF(B45>0.5,"🟢 OPTIMAL","🟡 DEVELOPING") -> 🟡 DEVELOPING
A46: Hepatic Portal Flow: | B46: =INDEX('Circulatory System'!R:R,MATCH("Hepatic Portal Vein",'Circulatory System'!A:A,0))*B45 -> 0 | C46: (0-1)
A47: Glucose to Blood: | B47: =B35*'DNA Loop Engine'!B18 -> 1 | C47: (0-1) | E47: =IF(B47>0.3,"🟢 ACTIVE","🟡 MINIMAL") -> 🟢 ACTIVE
A48: Metabolic Sync: | B48: =IF(AND(B45>0.5,B46>0.5),"🟢 SYNCHRONIZED","🟡 DEVELOPING") -> 🟡 DEVELOPING
A51: 🫀 UMBILICAL NUTRIENT PATHWAY
A53: Pathway | B53: Status | C53: Flow Rate | E53: Notes
A54: Umbilical Vein → Liver: | B54: =IF('DNA Loop Engine'!B5<40,"🔗 ACTIVE","🔒 CLOSED") -> 🔒 CLOSED | C54: ='DNA Loop Engine'!B24*0.9 -> 0 | E54: Nutrients from placenta
A55: Liver → Ductus Venosus: | B55: =IF('DNA Loop Engine'!B5<40,"🔗 ACTIVE","🔒 CLOSED") -> 🔒 CLOSED | C55: ='DNA Loop Engine'!B24*0.7 -> 0 | E55: Bypasses liver partially
A56: Post-Birth Status: | B56: =IF('DNA Loop Engine'!B5>=40,"🍼 ORAL FEEDING READY","🔗 UMBILICAL DEPENDENT") -> 🍼 ORAL FEEDING READY

Sheet Sensory Integration
A1: Name | B1: Controlled Structure | C1: Neural Region | D1: Control Type | E1: Signal Pathway | F1: Feedback Source | G1: Activation Week | H1: Full Maturity Week | I1: Domain | J1: Current Week | K1: Growth Status | L1: Maturity % | M1: Local X | N1: Local Y | O1: Local Z | P1: Connection To | Q1: Receptor Gain | R1: Signal Strength | S1: Sensory Modality
A2: Eyes | B2: Organ | C2: Cerebrum | D2: Sensory | E2: Optic Pathway | F2: Retina Photoreceptors | G2: 20 | H2: 36 | I2: Sensing | J2: ='DNA Loop Engine'!$B$5 -> 50 | K2: =IF(J2<G2,"⏳ Dormant",IF(J2>=H2,"✅ Mature","🔄 Developing")) -> ✅ Mature | L2: =IF(J2<G2,0%,IF(J2>=H2,100%,(J2-G2)/(H2-G2))) -> 1 | M2: 0.03 | N2: 0.76 | O2: 0.1 | P2: Skull | Q2: 0.85 | R2: =Q2*(1+'DNA Loop Engine'!$B$18) -> 1.7 | S2: Vision
A3: Retina | B3: Organ | C3: Cerebrum | D3: Sensory | E3: Optic Pathway | F3: Light Receptors | G3: 20 | H3: 36 | I3: Sensing | J3: ='DNA Loop Engine'!$B$5 -> 50 | K3: =IF(J3<G3,"⏳ Dormant",IF(J3>=H3,"✅ Mature","🔄 Developing")) -> ✅ Mature | L3: =IF(J3<G3,0%,IF(J3>=H3,100%,(J3-G3)/(H3-G3))) -> 1 | M3: 0.03 | N3: 0.76 | O3: 0.11 | P3: Eyes | Q3: 0.9 | R3: =Q3*(1+'DNA Loop Engine'!$B$18) -> 1.8 | S3: Vision
A4: Optic Nerve | B4: Nerve | C4: Cerebrum | D4: Sensory | E4: Optic Pathway | F4: Visual Cortex | G4: 20 | H4: 36 | I4: Sensing | J4: ='DNA Loop Engine'!$B$5 -> 50 | K4: =IF(J4<G4,"⏳ Dormant",IF(J4>=H4,"✅ Mature","🔄 Developing")) -> ✅ Mature | L4: =IF(J4<G4,0%,IF(J4>=H4,100%,(J4-G4)/(H4-G4))) -> 1 | M4: 0.02 | N4: 0.78 | O4: 0.05 | P4: Retina | Q4: 0.8 | R4: =Q4*(1+'DNA Loop Engine'!$B$18) -> 1.6 | S4: Vision
A5: Ears | B5: Organ | C5: Brainstem | D5: Sensory | E5: Auditory Pathway | F5: Cochlear Hair Cells | G5: 20 | H5: 36 | I5: Sensing | J5: ='DNA Loop Engine'!$B$5 -> 50 | K5: =IF(J5<G5,"⏳ Dormant",IF(J5>=H5,"✅ Mature","🔄 Developing")) -> ✅ Mature | L5: =IF(J5<G5,0%,IF(J5>=H5,100%,(J5-G5)/(H5-G5))) -> 1 | M5: 0.12 | N5: 0.78 | O5: -0.02 | P5: Skull | Q5: 0.85 | R5: =Q5*(1+'DNA Loop Engine'!$B$18) -> 1.7 | S5: Auditory
A6: Cochlea | B6: Organ | C6: Brainstem | D6: Sensory | E6: Auditory Pathway | F6: Sound Receptors | G6: 20 | H6: 36 | I6: Sensing | J6: ='DNA Loop Engine'!$B$5 -> 50 | K6: =IF(J6<G6,"⏳ Dormant",IF(J6>=H6,"✅ Mature","🔄 Developing")) -> ✅ Mature | L6: =IF(J6<G6,0%,IF(J6>=H6,100%,(J6-G6)/(H6-G6))) -> 1 | M6: 0.13 | N6: 0.78 | O6: -0.03 | P6: Ears | Q6: 0.9 | R6: =Q6*(1+'DNA Loop Engine'!$B$18) -> 1.8 | S6: Auditory
A7: Auditory Nerve | B7: Nerve | C7: Cerebrum | D7: Sensory | E7: Auditory Pathway | F7: Temporal Cortex | G7: 20 | H7: 36 | I7: Sensing | J7: ='DNA Loop Engine'!$B$5 -> 50 | K7: =IF(J7<G7,"⏳ Dormant",IF(J7>=H7,"✅ Mature","🔄 Developing")) -> ✅ Mature | L7: =IF(J7<G7,0%,IF(J7>=H7,100%,(J7-G7)/(H7-G7))) -> 1 | M7: 0.1 | N7: 0.8 | O7: -0.02 | P7: Cochlea | Q7: 0.8 | R7: =Q7*(1+'DNA Loop Engine'!$B$18) -> 1.6 | S7: Auditory
A8: Skin | B8: Organ | C8: Spinal Cord | D8: Sensory | E8: Somatosensory Pathway | F8: Mechanoreceptors | G8: 12 | H8: 36 | I8: Sensing | J8: ='DNA Loop Engine'!$B$5 -> 50 | K8: =IF(J8<G8,"⏳ Dormant",IF(J8>=H8,"✅ Mature","🔄 Developing")) -> ✅ Mature | L8: =IF(J8<G8,0%,IF(J8>=H8,100%,(J8-G8)/(H8-G8))) -> 1 | M8: 0 | N8: 0 | O8: 0 | P8: Body Surface | Q8: 0.75 | R8: =Q8*(1+'DNA Loop Engine'!$B$18) -> 1.5 | S8: Touch
A9: Mechanoreceptors | B9: Cell | C9: Spinal Cord | D9: Sensory | E9: Somatosensory Pathway | F9: Touch Pressure Sensors | G9: 12 | H9: 36 | I9: Sensing | J9: ='DNA Loop Engine'!$B$5 -> 50 | K9: =IF(J9<G9,"⏳ Dormant",IF(J9>=H9,"✅ Mature","🔄 Developing")) -> ✅ Mature | L9: =IF(J9<G9,0%,IF(J9>=H9,100%,(J9-G9)/(H9-G9))) -> 1 | M9: 0 | N9: 0 | O9: 0.01 | P9: Skin | Q9: 0.85 | R9: =Q9*(1+'DNA Loop Engine'!$B$18) -> 1.7 | S9: Touch
A10: Thermoreceptors | B10: Cell | C10: Spinal Cord | D10: Sensory | E10: Somatosensory Pathway | F10: Temperature Sensors | G10: 12 | H10: 36 | I10: Sensing | J10: ='DNA Loop Engine'!$B$5 -> 50 | K10: =IF(J10<G10,"⏳ Dormant",IF(J10>=H10,"✅ Mature","🔄 Developing")) -> ✅ Mature | L10: =IF(J10<G10,0%,IF(J10>=H10,100%,(J10-G10)/(H10-G10))) -> 1 | M10: 0 | N10: 0 | O10: 0.01 | P10: Skin | Q10: 0.8 | R10: =Q10*(1+'DNA Loop Engine'!$B$18) -> 1.6 | S10: Touch
A11: Nociceptors | B11: Cell | C11: Spinal Cord | D11: Sensory | E11: Somatosensory Pathway | F11: Pain Sensors | G11: 12 | H11: 36 | I11: Sensing | J11: ='DNA Loop Engine'!$B$5 -> 50 | K11: =IF(J11<G11,"⏳ Dormant",IF(J11>=H11,"✅ Mature","🔄 Developing")) -> ✅ Mature | L11: =IF(J11<G11,0%,IF(J11>=H11,100%,(J11-G11)/(H11-G11))) -> 1 | M11: 0 | N11: 0 | O11: 0.01 | P11: Skin | Q11: 0.7 | R11: =Q11*(1+'DNA Loop Engine'!$B$18) -> 1.4 | S11: Touch
A12: Tongue | B12: Organ | C12: Brainstem | D12: Sensory | E12: Gustatory Pathway | F12: Taste Buds | G12: 12 | H12: 36 | I12: Sensing | J12: ='DNA Loop Engine'!$B$5 -> 50 | K12: =IF(J12<G12,"⏳ Dormant",IF(J12>=H12,"✅ Mature","🔄 Developing")) -> ✅ Mature | L12: =IF(J12<G12,0%,IF(J12>=H12,100%,(J12-G12)/(H12-G12))) -> 1 | M12: 0 | N12: 0.68 | O12: 0.08 | P12: Mouth | Q12: 0.8 | R12: =Q12*(1+'DNA Loop Engine'!$B$18) -> 1.6 | S12: Taste
A13: Taste Buds | B13: Cell | C13: Brainstem | D13: Sensory | E13: Gustatory Pathway | F13: Chemical Sensors | G13: 12 | H13: 36 | I13: Sensing | J13: ='DNA Loop Engine'!$B$5 -> 50 | K13: =IF(J13<G13,"⏳ Dormant",IF(J13>=H13,"✅ Mature","🔄 Developing")) -> ✅ Mature | L13: =IF(J13<G13,0%,IF(J13>=H13,100%,(J13-G13)/(H13-G13))) -> 1 | M13: 0 | N13: 0.68 | O13: 0.09 | P13: Tongue | Q13: 0.85 | R13: =Q13*(1+'DNA Loop Engine'!$B$18) -> 1.7 | S13: Taste
... A16: Vestibular System | B16: Organ | C16: Brainstem | D16: Sensory | E16: Vestibular Pathway | F16: Balance Receptors | G16: 12 | H16: 36 | I16: Sensing | J16: ='DNA Loop Engine'!$B$5 -> 50 | K16: =IF(J16<G16,"⏳ Dormant",IF(J16>=H16,"✅ Mature","🔄 Developing")) -> ✅ Mature | L16: =IF(J16<G16,0%,IF(J16>=H16,100%,(J16-G16)/(H16-G16))) -> 1 | M16: 0.12 | N16: 0.79 | O16: -0.04 | P16: Ears | Q16: 0.85 | R16: =Q16*(1+'DNA Loop Engine'!$B$18) -> 1.7 | S16: Balance
A19: 👁️ SENSORY SYSTEM SUMMARY
A21: Sensory Modality | B21: Components | C21: Neural Region | D21: Avg Maturity | E21: Avg Signal | F21: Status
A22: Vision | B22: =COUNTIF(S2:S16,"Vision") -> 3 | C22: Cerebrum | D22: =AVERAGEIF(S2:S16,"Vision",L2:L16) -> 1 | E22: =AVERAGEIF(S2:S16,"Vision",R2:R16) -> 1.7 | F22: =IF(D22<0.3,"⏳ Dormant",IF(D22<1,"🔄 Developing","✅ Mature")) -> ✅ Mature
A23: Auditory | B23: =COUNTIF(S2:S16,"Auditory") -> 3 | C23: Brainstem/Cerebrum | D23: =AVERAGEIF(S2:S16,"Auditory",L2:L16) -> 1 | E23: =AVERAGEIF(S2:S16,"Auditory",R2:R16) -> 1.7 | F23: =IF(D23<0.3,"⏳ Dormant",IF(D23<1,"🔄 Developing","✅ Mature")) -> ✅ Mature
A24: Touch | B24: =COUNTIF(S2:S16,"Touch") -> 4 | C24: Spinal Cord | D24: =AVERAGEIF(S2:S16,"Touch",L2:L16) -> 1 | E24: =AVERAGEIF(S2:S16,"Touch",R2:R16) -> 1.55 | F24: =IF(D24<0.3,"⏳ Dormant",IF(D24<1,"🔄 Developing","✅ Mature")) -> ✅ Mature
A25: Taste | B25: =COUNTIF(S2:S16,"Taste") -> 2 | C25: Brainstem | D25: =AVERAGEIF(S2:S16,"Taste",L2:L16) -> 1 | E25: =AVERAGEIF(S2:S16,"Taste",R2:R16) -> 1.65 | F25: =IF(D25<0.3,"⏳ Dormant",IF(D25<1,"🔄 Developing","✅ Mature")) -> ✅ Mature
A26: Smell | B26: =COUNTIF(S2:S16,"Smell") -> 2 | C26: Cerebrum | D26: =AVERAGEIF(S2:S16,"Smell",L2:L16) -> 1 | E26: =AVERAGEIF(S2:S16,"Smell",R2:R16) -> 1.55 | F26: =IF(D26<0.3,"⏳ Dormant",IF(D26<1,"🔄 Developing","✅ Mature")) -> ✅ Mature
A27: Balance | B27: =COUNTIF(S2:S16,"Balance") -> 1 | C27: Brainstem | D27: =AVERAGEIF(S2:S16,"Balance",L2:L16) -> 1 | E27: =AVERAGEIF(S2:S16,"Balance",R2:R16) -> 1.7 | F27: =IF(D27<0.3,"⏳ Dormant",IF(D27<1,"🔄 Developing","✅ Mature")) -> ✅ Mature
A29: TOTALS: | B29: =SUM(B22:B27) -> 15 | D29: =AVERAGE(D22:D27) -> 1 | E29: =AVERAGE(E22:E27) -> 1.6416667
A31: 🔗 CROSS-SYSTEM CONNECTIONS
A33: Linked System | B33: Connection Point | C33: Data Shared | D33: Status
A34: DNA Loop Engine | B34: Current Week (B5) | C34: Timing & Growth Factor | D34: 🟢 LINKED
A35: Neural Control | B35: Cerebrum/Brainstem | C35: Signal Pathways | D35: 🟢 LINKED
A36: Anatomy Growth Engine | B36: Sensory Organs (Eyes, Ears, etc.) | C36: Spatial Coordinates | D36: 🟢 LINKED
A37: Respiratory Control | B37: Nasal Cavity, Pharynx | C37: Airway/Smell Connection | D37: 🟢 LINKED
A38: Digestive Control | B38: Mouth, Tongue | C38: Taste/Intake Feedback | D38: 🟢 LINKED

Sheet Adult Anatomy Engine
A1: Name | B1: Category | C1: DNA Code | D1: Domain | E1: Parent | F1: Local X | G1: Local Y | H1: Local Z | I1: Connection Type | J1: Size (cm) | K1: Mass (kg) | L1: Status | M1: Notes
A2: Frontal Bone | B2: Skeleton | C2: SK_FRONTAL | D2: Embodiment | E2: Point 0 | F2: 0 | G2: 0.85 | H2: 0.08 | I2: Suture | J2: 12 | K2: 0.05 | L2: ✅ Mature | M2: Forehead
A3: Parietal Bone (Left) | B3: Skeleton | C3: SK_PAR_L | D3: Embodiment | E3: Frontal Bone | F3: -0.08 | G3: 0.88 | H3: 0 | I3: Suture | J3: 13 | K3: 0.04 | L3: ✅ Mature | M3: Skull top left
A4: Parietal Bone (Right) | B4: Skeleton | C4: SK_PAR_R | D4: Embodiment | E4: Frontal Bone | F4: 0.08 | G4: 0.88 | H4: 0 | I4: Suture | J4: 13 | K4: 0.04 | L4: ✅ Mature | M4: Skull top right
A5: Temporal Bone (Left) | B5: Skeleton | C5: SK_TEMP_L | D5: Embodiment | E5: Parietal Bone (Left) | F5: -0.12 | G5: 0.82 | H5: -0.02 | I5: Suture | J5: 5 | K5: 0.03 | L5: ✅ Mature | M5: Temple left
A6: Temporal Bone (Right) | B6: Skeleton | C6: SK_TEMP_R | D6: Embodiment | E6: Parietal Bone (Right) | F6: 0.12 | G6: 0.82 | H6: -0.02 | I6: Suture | J6: 5 | K6: 0.03 | L6: ✅ Mature | M6: Temple right
A7: Occipital Bone | B7: Skeleton | C7: SK_OCCIPITAL | D7: Embodiment | E7: Point 0 | F7: 0 | G7: 0.8 | H7: -0.08 | I7: Suture | J7: 10 | K7: 0.06 | L7: ✅ Mature | M7: Back of skull
A8: Sphenoid Bone | B8: Skeleton | C8: SK_SPHENOID | D8: Embodiment | E8: Point 0 | F8: 0 | G8: 0.78 | H8: 0.02 | I8: Suture | J8: 8 | K8: 0.02 | L8: ✅ Mature | M8: Skull base
A9: Ethmoid Bone | B9: Skeleton | C9: SK_ETHMOID | D9: Embodiment | E9: Sphenoid Bone | F9: 0 | G9: 0.8 | H9: 0.04 | I9: Suture | J9: 4 | K9: 0.01 | L9: ✅ Mature | M9: Nasal bridge
A10: Mandible | B10: Skeleton | C10: SK_MANDIBLE | D10: Embodiment | E10: Temporal Bone (Left) | F10: 0 | G10: 0.68 | H10: 0.12 | I10: TMJ | J10: 12 | K10: 0.08 | L10: ✅ Mature | M10: Jaw bone
A11: Maxilla (Left) | B11: Skeleton | C11: SK_MAX_L | D11: Embodiment | E11: Frontal Bone | F11: -0.03 | G11: 0.72 | H11: 0.1 | I11: Suture | J11: 5 | K11: 0.02 | L11: ✅ Mature | M11: Upper jaw left
A12: Maxilla (Right) | B12: Skeleton | C12: SK_MAX_R | D12: Embodiment | E12: Frontal Bone | F12: 0.03 | G12: 0.72 | H12: 0.1 | I12: Suture | J12: 5 | K12: 0.02 | L12: ✅ Mature | M12: Upper jaw right
A13: Cervical Vertebrae (C1-C7) | B13: Skeleton | C13: SK_CERV | D13: Embodiment | E13: Point 0 | F13: 0 | G13: 0.6 | H13: -0.04 | I13: Intervertebral | J13: 12 | K13: 0.1 | L13: ✅ Mature | M13: Neck vertebrae
... A150: Deltoid Ligament | B150: Connective | C150: CT_DELTOID_LIG | D150: Embodiment | E150: Tarsals (Left) | F150: -0.13 | G150: -0.68 | H150: 0 | I150: Ligament | J150: 5 | K150: 0.01 | L150: ✅ Mature | M150: Ankle medial support
A153: 🧭 POINT 0 — ADULT REFERENCE FRAME
A155: Parameter | B155: Value | C155: Unit | E155: 📐 COORDINATE SYSTEM
A156: X₀ (Horizontal) | B156: 0 | C156: m | E156: Axis | F156: Direction
A157: Y₀ (Vertical) | B157: 0 | C157: m | E157: {=+X} -> #NAME? | F157: Right
A158: Z₀ (Depth) | B158: 0 | C158: m | E158: {=-X} -> #NAME? | F158: Left
E159: {=+Y} -> #NAME? | F159: Up (Head)
A160: Reference Point: | B160: Pelvis Centre | E160: {=-Y} -> #NAME? | F160: Down (Feet)
A161: Reference Height: | B161: 175 | C161: cm | E161: {=+Z} -> #NAME? | F161: Forward (Anterior)
A162: Reference Mass: | B162: 70 | C162: kg | E162: {=-Z} -> #NAME? | F162: Backward (Posterior)
A164: 🔗 ALL COORDINATES ARE RELATIVE TO POINT 0 (PELVIS CENTRE)
A166: 📊 ADULT ANATOMY SUMMARY
A168: Category | B168: Count | C168: Total Mass (kg) | E168: Domain | F168: Components
A169: Skeleton | B169: =COUNTIF(AdultAnatomyEngine[Category],"Skeleton") -> 51 | C169: =SUMIF(AdultAnatomyEngine[Category],"Skeleton",AdultAnatomyEngine[Mass (kg)]) -> 5.32 | E169: Embodiment | F169: =COUNTIF(AdultAnatomyEngine[Domain],"Embodiment") -> 86
A170: Organ | B170: =COUNTIF(AdultAnatomyEngine[Category],"Organ") -> 32 | C170: =SUMIF(AdultAnatomyEngine[Category],"Organ",AdultAnatomyEngine[Mass (kg)]) -> 11.2057 | E170: Neural Processing | F170: =COUNTIF(AdultAnatomyEngine[Domain],"Neural Processing") -> 4
A171: Muscle | B171: =COUNTIF(AdultAnatomyEngine[Category],"Muscle") -> 47 | C171: =SUMIF(AdultAnatomyEngine[Category],"Muscle",AdultAnatomyEngine[Mass (kg)]) -> 11.373 | E171: Motor Control | F171: =COUNTIF(AdultAnatomyEngine[Domain],"Motor Control") -> 48
A172: Connective | B172: =COUNTIF(AdultAnatomyEngine[Category],"Connective") -> 19 | C172: =SUMIF(AdultAnatomyEngine[Category],"Connective",AdultAnatomyEngine[Mass (kg)]) -> 0.318 | E172: Endocrine | F172: =COUNTIF(AdultAnatomyEngine[Domain],"Endocrine") -> 6
E173: Sensing | F173: =COUNTIF(AdultAnatomyEngine[Domain],"Sensing") -> 5
A174: TOTAL | B174: =SUM(B170:B173) -> 98 | C174: =SUM(C170:C173) -> 22.8967
A176: 🎯 CONNECTION TYPES
A178: Type | B178: Count | E178: Type | F178: Count
A179: Ball-Socket | B179: =COUNTIF(AdultAnatomyEngine[Connection Type],"Ball-Socket") -> 4 | E179: Tendon | F179: =COUNTIF(AdultAnatomyEngine[Connection Type],"Tendon") -> 52
A180: Hinge | B180: =COUNTIF(AdultAnatomyEngine[Connection Type],"Hinge") -> 8 | E180: Ligament | F180: =COUNTIF(AdultAnatomyEngine[Connection Type],"Ligament") -> 20
A181: Pivot | B181: =COUNTIF(AdultAnatomyEngine[Connection Type],"Pivot") -> 2 | E181: Suture | F181: =COUNTIF(AdultAnatomyEngine[Connection Type],"Suture") -> 10
A182: Gliding | B182: =COUNTIF(AdultAnatomyEngine[Connection Type],"Gliding") -> 4 | E182: Suspended | F182: =COUNTIF(AdultAnatomyEngine[Connection Type],"Suspended") -> 7
A183: Condyloid | B183: =COUNTIF(AdultAnatomyEngine[Connection Type],"Condyloid") -> 4 | E183: Cartilaginous | F183: =COUNTIF(AdultAnatomyEngine[Connection Type],"Cartilaginous") -> 3
A186: 🔗 CROSS-SYSTEM CONNECTIONS
A188: Link To | B188: Reference | C188: Data Type | D188: Purpose
A189: DNA Loop Engine | B189: ='DNA Loop Engine'!B4 -> 4000 | C189: Current Tick | D189: Simulation sync
A190: DNA Loop Engine | B190: ='DNA Loop Engine'!B5 -> 50 | C190: Current Week | D190: Timeline reference
A191: Anatomy Growth Engine | B191: Component Names | C191: Growth data | D191: Growth comparison
A192: Circulatory System | B192: Vessel Names | C192: Vascular data | D192: Vascular network
A193: Respiratory Control | B193: Airway Components | C193: Breathing data | D193: Breathing system
A194: Digestive Control | B194: GI Components | C194: Digestion data | D194: Digestion system
A195: Sensory Integration | B195: Sensory Components | C195: Perception data | D195: Perception system
A197: 📌 ADULT vs FETAL COMPARISON
A199: Metric | B199: Adult Value | C199: Fetal @ Week 40 | D199: Ratio
A200: Reference Height | B200: 175 cm | C200: 50 cm | D200: 3.5x
A201: Reference Mass | B201: 70 kg | C201: 3.5 kg | D201: 20x
A202: Heart Rate | B202: 60-100 BPM | C202: 120-160 BPM | D202: 0.6x
A203: Brain Mass | B203: 1.4 kg | C203: 0.4 kg | D203: 3.5x
A204: Bone Count | B204: 206 | C204: 270+ | D204: Fusion occurs
A205: Muscle Count | B205: 600+ | C205: 600+ | D205: Same

Sheet Infant Development
A1: 🍼 A7DO INFANT DEVELOPMENT ENGINE — Phase 2: Baby → Infant
A3: ⚙️ TRANSITION CONTROL PANEL | E3: 🩺 BIRTH TRANSITION STATUS
A4: Current Age (weeks): | B4: ='DNA Loop Engine'!B5 -> 50 | E4: Parameter | F4: Prenatal | G4: Postnatal | H4: Status
A5: Age in Months: | B5: =IF(B4>=B6, ROUND((B4-B6)/4.33, 1), "Not Born") -> 2.3 | E5: Oxygen Source | F5: Placenta | G5: Lungs | H5: =IF(B4>=B6, "✅ SWITCHED", "⏳ PRENATAL") -> ✅ SWITCHED
A6: Birth Week: | B6: 40 | E6: Nutrient Source | F6: Umbilical | G6: Digestive | H6: =IF(B4>=B6, "✅ SWITCHED", "⏳ PRENATAL") -> ✅ SWITCHED
A7: Post-Birth Weeks: | B7: =IF(B4>=B6, B4-B6, "Pre-Birth") -> 10 | E7: Circulation | F7: Fetal Shunts | G7: Pulmonary | H7: =IF(B4>=B6, "✅ CLOSED", "🔓 OPEN") -> ✅ CLOSED
A8: Development Phase: | B8: =IF(B4<B6, "🔄 GESTATING", IF(B7<=4, "Newborn (0-1 mo)", IF(B7<=12, "Early Infant (1-3 mo)", IF(B7<=24, "Middle Infant (3-6 mo)", IF(B7<=48, "Late Infant (6-12 mo)", "Toddler (12+ mo)"))))) -> Early Infant (1-3 mo) | E8: Temperature | F8: Maternal | G8: Self-Regulated | H8: =IF(B4>=B6, "✅ ACTIVE", "⏳ MATERNAL") -> ✅ ACTIVE
A9: Umbilical Status: | B9: =IF(B4<B6, "🔗 CONNECTED", IF(B7<=2, "🩹 HEALING", "✅ HEALED")) -> ✅ HEALED | E9: Waste Removal | F9: Placenta | G9: Kidneys/Bowel | H9: =IF(B4>=B6, "✅ ACTIVE", "⏳ PLACENTAL") -> ✅ ACTIVE
A10: Breathing Mode: | B10: =IF(B4<B6, "🫁 PLACENTAL", "🫁 PULMONARY") -> 🫁 PULMONARY
A12: 🎯 AUTONOMY METRICS | E12: 👁️ SENSORY AWARENESS
A13: Metric | B13: Maturity % | C13: Status | E13: Modality | F13: Maturity % | G13: Awareness | H13: Signal Strength
A14: Respiratory: | B14: =IF(B4>=B6, 100%, AVERAGE('Respiratory Control'!L2:L11)) -> 1 | C14: =IF(B14>=95%, "✅", IF(B14>=50%, "⚠️", "❌")) -> ✅ | E14: Vision: | F14: =IFERROR(AVERAGEIF('Sensory Integration'!S:S, "Vision", 'Sensory Integration'!L:L), 0) -> 1 | G14: =IF(F14<25%, "Blurry shapes", IF(F14<50%, "Basic shapes", IF(F14<75%, "Color emerging", "Clear vision"))) -> Clear vision | H14: =IFERROR(AVERAGEIF('Sensory Integration'!S:S, "Vision", 'Sensory Integration'!R:R), 0) -> 1.7
A15: Circulatory: | B15: =IF(B4>=B6, 100%, AVERAGE('Circulatory System'!L2:L19)) -> 1 | C15: =IF(B15>=95%, "✅", IF(B15>=50%, "⚠️", "❌")) -> ✅ | E15: Auditory: | F15: =IFERROR(AVERAGEIF('Sensory Integration'!S:S, "Auditory", 'Sensory Integration'!L:L), 0) -> 1 | G15: =IF(F15<25%, "Loud sounds only", IF(F15<50%, "Voice recognition", IF(F15<75%, "Sound localization", "Full hearing"))) -> Full hearing | H15: =IFERROR(AVERAGEIF('Sensory Integration'!S:S, "Auditory", 'Sensory Integration'!R:R), 0) -> 1.7
A16: Neural: | B16: =MIN(100%, (B4/36)) -> 1 | C16: =IF(B16>=95%, "✅", IF(B16>=50%, "⚠️", "❌")) -> ✅ | E16: Tactile: | F16: =IFERROR(AVERAGEIF('Sensory Integration'!S:S, "Touch", 'Sensory Integration'!L:L), 0) -> 1 | G16: =IF(F16<25%, "Basic pressure", IF(F16<50%, "Touch awareness", IF(F16<75%, "Temperature sense", "Full sensation"))) -> Full sensation | H16: =IFERROR(AVERAGEIF('Sensory Integration'!S:S, "Touch", 'Sensory Integration'!R:R), 0) -> 1.55
A17: Digestive: | B17: =IF(B4>=B6, 100%, AVERAGE('Digestive Control'!L2:L11)) -> 1 | C17: =IF(B17>=95%, "✅", IF(B17>=50%, "⚠️", "❌")) -> ✅ | E17: Olfactory: | F17: =IFERROR(AVERAGEIF('Sensory Integration'!S:S, "Smell", 'Sensory Integration'!L:L), 0) -> 1 | G17: =IF(F17<25%, "Basic smell", IF(F17<50%, "Familiar scents", IF(F17<75%, "Good smell", "Full smell"))) -> Full smell | H17: =IFERROR(AVERAGEIF('Sensory Integration'!S:S, "Smell", 'Sensory Integration'!R:R), 0) -> 1.55
A18: Endocrine: | B18: =MIN(100%, (B4/28)*0.9) -> 1 | C18: =IF(B18>=95%, "✅", IF(B18>=50%, "⚠️", "❌")) -> ✅ | E18: Gustatory: | F18: =IFERROR(AVERAGEIF('Sensory Integration'!S:S, "Taste", 'Sensory Integration'!L:L), 0) -> 1 | G18: =IF(F18<25%, "Basic taste", IF(F18<50%, "Sweet/bitter", IF(F18<75%, "Most tastes", "Full taste"))) -> Full taste | H18: =IFERROR(AVERAGEIF('Sensory Integration'!S:S, "Taste", 'Sensory Integration'!R:R), 0) -> 1.65
A20: AUTONOMY %: | B20: =AVERAGE(B14:B18) -> 1 | C20: =IF(B20>=95%, "🟢 AUTONOMOUS", IF(B20>=70%, "🟢 SEMI-AUTONOMOUS", IF(B20>=50%, "🟡 DEVELOPING", "🔴 DEPENDENT"))) -> 🟢 AUTONOMOUS | E20: SENSORY AWARENESS: | F20: =AVERAGE(F14:F18) -> 1 | G20: =IF(F20>=75%, "🟢 Active", IF(F20>=50%, "🟡 Developing", "🔴 Emerging")) -> 🟢 Active | H20: =AVERAGE(H14:H18) -> 1.63
A23: 💪 MOTOR READINESS | E23: 🧠 LEARNING & COGNITIVE
A24: Motor Skill | B24: Readiness % | C24: Milestone | D24: Expected | E24: Cognitive Metric | F24: Value | G24: Description | H24: Status
A25: Reflex Control: | B25: =MIN(100%, IF(B4>=20, 100%, B4/20)) -> 1 | C25: Primitive→Voluntary | E25: Neural Gain: | F25: =IFERROR('DNA Loop Engine'!B19, 0) -> 1 | G25: Circuit formation
A26: Balance/Posture: | B26: =MIN(100%, MAX(0, (B4-12)/36)) -> 1 | C26: Head→Sitting | E26: Sensory Feedback: | F26: =F20 -> 1 | G26: Cross-modal binding
A27: Voluntary Control: | B27: =MIN(100%, MAX(0, (B4-20)/36)) -> 0.83333333 | C27: Involuntary→Grasping | E27: Learning Rate: | F27: =F25*F26 -> 1 | G27: Adaptive growth
A28: Gross Motor: | B28: =MIN(100%, MAX(0, (B4-24)/48)) -> 0.54166667 | C28: Limited→Walking | E28: Memory Formation: | F28: =MIN(100%, MAX(0, (B4-16)/40)) -> 0.85 | G28: Recognition forming
A29: Fine Motor: | B29: =MIN(100%, MAX(0, (B4-24)/48)) -> 0.54166667 | C29: Grasp reflex→Pincer | E29: Attention Span: | F29: =MIN(100%, MAX(0, (B4-12)/48)) -> 0.79166667 | G29: Focus developing
A31: MOTOR READINESS: | B31: =AVERAGE(B25:B29) -> 0.78333333 | E31: COGNITIVE INDEX: | F31: =AVERAGE(F25:F29) -> 0.92833333
A34: 🏆 INFANT DEVELOPMENT MILESTONES
A35: Week | B35: Age | C35: Motor Milestone | D35: Sensory Milestone | E35: Cognitive Milestone | F35: Social Milestone | G35: Status | H35: Achieved
A36: 0 | B36: Birth | C36: Reflexive movements | D36: Blurry vision, loud sounds | E36: Immediate sensory response | F36: Recognizes mother's voice | G36: =IF(B4>=40, "✅", "⏳") -> ✅ | H36: =IF(B4>=40, "Yes", "No") -> Yes
A37: 2 | B37: 2 weeks | C37: Lifts head briefly | D37: Focuses 8-12 inches | E37: Prefers faces | F37: Eye contact begins | G37: =IF(B4>=42, "✅", "⏳") -> ✅ | H37: =IF(B4>=42, "Yes", "No") -> Yes
A38: 4 | B38: 1 month | C38: Smoother limb movements | D38: Tracks moving objects | E38: Distinguishes sounds | F38: Social smile emerging | G38: =IF(B4>=44, "✅", "⏳") -> ✅ | H38: =IF(B4>=44, "Yes", "No") -> Yes
A39: 8 | B39: 2 months | C39: Holds head up 45° | D39: Follows objects to midline | E39: Coos and vocalizes | F39: Smiles responsively | G39: =IF(B4>=48, "✅", "⏳") -> ✅ | H39: =IF(B4>=48, "Yes", "No") -> Yes
A40: 12 | B40: 3 months | C40: Head control when held | D40: Tracks 180°, color vision | E40: Laughs, varied sounds | F40: Recognizes familiar faces | G40: =IF(B4>=52, "✅", "⏳") -> ⏳ | H40: =IF(B4>=52, "Yes", "No") -> No
A41: 16 | B41: 4 months | C41: Rolls front to back | D41: Reaches for objects | E41: Explores with mouth | F41: Enjoys social play | G41: =IF(B4>=56, "✅", "⏳") -> ⏳ | H41: =IF(B4>=56, "Yes", "No") -> No
A42: 20 | B42: 5 months | C42: Sits with support | D42: Transfers objects | E42: Responds to name | F42: Stranger awareness | G42: =IF(B4>=60, "✅", "⏳") -> ⏳ | H42: =IF(B4>=60, "Yes", "No") -> No
A43: 24 | B43: 6 months | C43: Sits independently | D43: Raking grasp | E43: Babbles consonants | F43: Attachment forming | G43: =IF(B4>=64, "✅", "⏳") -> ⏳ | H43: =IF(B4>=64, "Yes", "No") -> No
A44: 32 | B44: 8 months | C44: Crawls, pulls to stand | D44: Pincer grasp emerging | E44: Object permanence | F44: Separation anxiety | G44: =IF(B4>=72, "✅", "⏳") -> ⏳ | H44: =IF(B4>=72, "Yes", "No") -> No
A45: 40 | B45: 10 months | C45: Cruises furniture | D45: Points at objects | E45: Understands "no" | F45: Waves bye-bye | G45: =IF(B4>=80, "✅", "⏳") -> ⏳ | H45: =IF(B4>=80, "Yes", "No") -> No
A46: 48 | B46: 12 months | C46: First steps | D46: Pincer grasp refined | E46: First words | F46: Shows affection | G46: =IF(B4>=88, "✅", "⏳") -> ⏳ | H46: =IF(B4>=88, "Yes", "No") -> No
A48: MILESTONES ACHIEVED: | B48: =COUNTIF(H36:H46, "Yes") -> 4 | C48: of 11 | E48: Progress: | F48: =B48/11 -> 0.36363636
A49: NEXT MILESTONE: | B49: =IF(B4<40, "Birth", IF(B4<42, "Lifts head briefly", IF(B4<44, "Smoother limb movements", IF(B4<48, "Holds head up 45°", IF(B4<52, "Head control when held", IF(B4<56, "Rolls front to back", IF(B4<60, "Sits with support", IF(B4<64, "Sits independently", IF(B4<72, "Crawls, pulls to stand", IF(B4<80, "Cruises furniture", IF(B4<88, "First steps", "All milestones achieved!"))))))))))) -> Head control when held
A52: 📊 OVERALL INFANT DEVELOPMENT DASHBOARD
A54: Core Metric | B54: Value | C54: Visual | E54: System Integration | F54: Status
A55: Autonomy % | B55: =B20 -> 1 | C55: =REPT("█", ROUND(B55*10,0)) & REPT("░", 10-ROUND(B55*10,0)) -> ██████████ | E55: Cardio-Respiratory Sync: | F55: =IF(AND(B14>=80%, B15>=80%), "🟢 SYNCHRONIZED", IF(AND(B14>=50%, B15>=50%), "🟡 SYNCING", "🔴 DEVELOPING")) -> 🟢 SYNCHRONIZED
A56: Sensory Awareness % | B56: =F20 -> 1 | C56: =REPT("█", ROUND(B56*10,0)) & REPT("░", 10-ROUND(B56*10,0)) -> ██████████ | E56: Neuro-Motor Integration: | F56: =IF(AND(B16>=80%, B31>=50%), "🟢 INTEGRATED", IF(B16>=50%, "🔄 FORMING", "⏳ EMERGING")) -> 🟢 INTEGRATED
A57: Motor Readiness % | B57: =B31 -> 0.78333333 | C57: =REPT("█", ROUND(B57*10,0)) & REPT("░", 10-ROUND(B57*10,0)) -> ████████░░ | E57: Sensory-Cognitive Binding: | F57: =IF(AND(F20>=70%, F31>=50%), "🟢 BOUND", IF(F20>=40%, "🔄 EMERGING", "⏳ PRE-BINDING")) -> 🟢 BOUND
A58: Cognitive Index % | B58: =F31 -> 0.92833333 | C58: =REPT("█", ROUND(B58*10,0)) & REPT("░", 10-ROUND(B58*10,0)) -> █████████░ | E58: Autonomic Stability: | F58: =IF(B20>=80%, "🟢 STABLE", IF(B20>=50%, "🟡 STABILIZING", "🔴 UNSTABLE")) -> 🟢 STABLE
A59: Milestones Progress % | B59: =F48 -> 0.36363636 | C59: =REPT("█", ROUND(B59*10,0)) & REPT("░", 10-ROUND(B59*10,0)) -> ████░░░░░░ | E59: Identity Formation: | F59: =IF(B4>=80, "🟢 FORMING", IF(B4>=60, "🔄 EMERGING", "⏳ PRE-IDENTITY")) -> ⏳ PRE-IDENTITY
A61: OVERALL DEVELOPMENT INDEX: | B61: =AVERAGE(B55:B59) -> 0.81506061 | C61: =REPT("🟢", ROUND(B61*5,0)) & REPT("⚪", 5-ROUND(B61*5,0)) -> 🟢🟢🟢🟢⚪
A62: Development Status: | B62: =IF(B4<40, "🔄 GESTATING", IF(B61>=80%, "🟢 Advanced", IF(B61>=50%, "🟡 Developing Normally", IF(B61>=25%, "🟠 Delayed", "🔴 Concern")))) -> 🟢 Advanced
A64: 🔗 LINKED TO DNA LOOP ENGINE
A65: Source | B65: Reference | C65: Data Type
A66: DNA Loop Engine | B66: ='DNA Loop Engine'!B4 -> 4000 | C66: Current Tick
A67: DNA Loop Engine | B67: ='DNA Loop Engine'!B5 -> 50 | C67: Current Week (Prenatal)
A68: Circulatory System | B68: ='Circulatory System'!L2 -> 1 | C68: Heart Maturity
A69: Respiratory Control | B69: ='Respiratory Control'!L2 -> 1 | C69: Lung Maturity
A70: Sensory Integration | B70: ='Sensory Integration'!L2 -> 1 | C70: Eye Maturity
A71: Adult Anatomy Engine | B71: =COUNTA('Adult Anatomy Engine'!A:A)-1 -> 189 | C71: Adult Reference Count
A75: 🧒 INFANT DEVELOPMENT MATRIX — Detailed Tracking
A77: Category | B77: Skill/System | C77: Start Week | D77: Peak Week | E77: Current % | F77: Milestone | G77: Neural Link | H77: Status
A78: Reflex | B78: Moro Reflex | C78: 0 | D78: 4 | E78: =IF(B4<40, 0%, MIN(100%, MAX(0, (B4-40)/(44-40)))) -> 1 | F78: Startle response | G78: Brainstem | H78: =IF(E78>=100%, "Active", IF(E78>0%, "🔄 Developing", "⏳ Pending")) -> Active
A79: Reflex | B79: Rooting Reflex | C79: 0 | D79: 4 | E79: =IF(B4<40, 0%, MIN(100%, MAX(0, (B4-40)/(44-40)))) -> 1 | F79: Feeding reflex | G79: Brainstem | H79: =IF(E79>=100%, "Active", IF(E79>0%, "🔄 Developing", "⏳ Pending")) -> Active
A80: Reflex | B80: Grasp Reflex | C80: 0 | D80: 6 | E80: =IF(B4<40, 0%, MIN(100%, MAX(0, (B4-40)/(46-40)))) -> 1 | F80: Palm grasp | G80: Spinal Cord | H80: =IF(E80>=100%, "Active", IF(E80>0%, "🔄 Developing", "⏳ Pending")) -> Active
A81: Motor | B81: Head Control | C81: 0 | D81: 12 | E81: =IF(B4<40, 0%, MIN(100%, MAX(0, (B4-40)/(52-40)))) -> 0.83333333 | F81: Holds head steady | G81: Motor Cortex | H81: =IF(E81>=100%, "✅ Mature", "🔄 Developing") -> 🔄 Developing
A82: Motor | B82: Rolling | C82: 4 | D82: 24 | E82: =IF(B4<44, 0%, MIN(100%, MAX(0, (B4-44)/(64-44)))) -> 0.3 | F82: Front to back | G82: Cerebellum | H82: =IF(E82>=100%, "✅ Mature", "🔄 Developing") -> 🔄 Developing
A83: Motor | B83: Sitting | C83: 16 | D83: 32 | E83: =IF(B4<56, 0%, MIN(100%, MAX(0, (B4-56)/(72-56)))) -> 0 | F83: Independent sit | G83: Cerebellum | H83: =IF(E83>=100%, "✅ Mature", "🔄 Developing") -> 🔄 Developing
A84: Motor | B84: Crawling | C84: 24 | D84: 40 | E84: =IF(B4<64, 0%, MIN(100%, MAX(0, (B4-64)/(80-64)))) -> 0 | F84: Hands and knees | G84: Motor Cortex | H84: =IF(E84>=100%, "✅ Mature", "🔄 Developing") -> 🔄 Developing
A85: Motor | B85: Walking | C85: 40 | D85: 56 | E85: =IF(B4<80, 0%, MIN(100%, MAX(0, (B4-80)/(96-80)))) -> 0 | F85: First steps | G85: Motor Cortex | H85: =IF(E85>=100%, "✅ Mature", "🔄 Developing") -> 🔄 Developing
A86: Vision | B86: Focus | C86: 0 | D86: 8 | E86: =IF(B4<40, 0%, MIN(100%, MAX(0, (B4-40)/(48-40)))) -> 1 | F86: Clear at 12 inches | G86: Visual Cortex | H86: =IF(E86>=100%, "✅ Mature", "🔄 Developing") -> ✅ Mature
A87: Vision | B87: Tracking | C87: 4 | D87: 16 | E87: =IF(B4<44, 0%, MIN(100%, MAX(0, (B4-44)/(56-44)))) -> 0.5 | F87: Follows 180° | G87: Visual Cortex | H87: =IF(E87>=100%, "✅ Mature", "🔄 Developing") -> 🔄 Developing
A88: Vision | B88: Color | C88: 8 | D88: 20 | E88: =IF(B4<48, 0%, MIN(100%, MAX(0, (B4-48)/(60-48)))) -> 0.16666667 | F88: Full spectrum | G88: Visual Cortex | H88: =IF(E88>=100%, "✅ Mature", "🔄 Developing") -> 🔄 Developing
A89: Hearing | B89: Sound Response | C89: 0 | D89: 4 | E89: =IF(B4<40, 0%, MIN(100%, MAX(0, (B4-40)/(44-40)))) -> 1 | F89: Startles to loud | G89: Auditory Cortex | H89: =IF(E89>=100%, "✅ Mature", "🔄 Developing") -> ✅ Mature
A90: Hearing | B90: Voice Recognition | C90: 2 | D90: 12 | E90: =IF(B4<42, 0%, MIN(100%, MAX(0, (B4-42)/(52-42)))) -> 0.8 | F90: Knows caregiver | G90: Auditory Cortex | H90: =IF(E90>=100%, "✅ Mature", "🔄 Developing") -> 🔄 Developing
A91: Hearing | B91: Sound Localization | C91: 8 | D91: 24 | E91: =IF(B4<48, 0%, MIN(100%, MAX(0, (B4-48)/(64-48)))) -> 0.125 | F91: Turns to sound | G91: Auditory Cortex | H91: =IF(E91>=100%, "✅ Mature", "🔄 Developing") -> 🔄 Developing
A92: Cognitive | B92: Object Permanence | C92: 16 | D92: 32 | E92: =IF(B4<56, 0%, MIN(100%, MAX(0, (B4-56)/(72-56)))) -> 0 | F92: Objects exist when hidden | G92: Frontal Cortex | H92: =IF(E92>=100%, "✅ Mature", "🔄 Developing") -> 🔄 Developing
A93: Cognitive | B93: Cause & Effect | C93: 12 | D93: 28 | E93: =IF(B4<52, 0%, MIN(100%, MAX(0, (B4-52)/(68-52)))) -> 0 | F93: Actions have results | G93: Frontal Cortex | H93: =IF(E93>=100%, "✅ Mature", "🔄 Developing") -> 🔄 Developing
A94: Social | B94: Social Smile | C94: 4 | D94: 12 | E94: =IF(B4<44, 0%, MIN(100%, MAX(0, (B4-44)/(52-44)))) -> 0.75 | F94: Smiles at faces | G94: Limbic System | H94: =IF(E94>=100%, "✅ Mature", "🔄 Developing") -> 🔄 Developing
A95: Social | B95: Attachment | C95: 12 | D95: 36 | E95: =IF(B4<52, 0%, MIN(100%, MAX(0, (B4-52)/(76-52)))) -> 0 | F95: Secure bond | G95: Limbic System | H95: =IF(E95>=100%, "✅ Forming", "🔄 Forming") -> 🔄 Forming
A98: 📈 DEVELOPMENT MATRIX SUMMARY
A100: Category | B100: Skills Tracked | C100: Average Progress | D100: Achieved
A101: Reflex | B101: 3 | C101: =AVERAGE(E78:E80) -> 1 | D101: =COUNTIF(E78:E80, ">=100%") -> 3
A102: Motor | B102: 5 | C102: =AVERAGE(E81:E85) -> 0.22666667 | D102: =COUNTIF(E81:E85, ">=100%") -> 0
A103: Vision | B103: 3 | C103: =AVERAGE(E86:E88) -> 0.55555556 | D103: =COUNTIF(E86:E88, ">=100%") -> 1
A104: Hearing | B104: 3 | C104: =AVERAGE(E89:E91) -> 0.64166667 | D104: =COUNTIF(E89:E91, ">=100%") -> 1
A105: Cognitive | B105: 2 | C105: =AVERAGE(E92:E93) -> 0 | D105: =COUNTIF(E92:E93, ">=100%") -> 0
A106: Social | B106: 2 | C106: =AVERAGE(E94:E95) -> 0.375 | D106: =COUNTIF(E94:E95, ">=100%") -> 0
A108: TOTAL | B108: 18 | C108: =AVERAGE(E78:E95) -> 0.47083333 | D108: =COUNTIF(E78:E95, ">=100%") -> 5

Sheet Infant Anatomy Engine
A1: 🍼 A7DO INFANT ANATOMY ENGINE — Birth to 12 Months
A3: 🧒 INFANT REFERENCE PARAMETERS | F3: 🔗 LINKED TO DNA ENGINE
A4: Parameter | B4: Value | C4: Unit | D4: Notes | F4: Source | G4: Value | H4: Description
A5: Reference Age | B5: 0-12 | C5: months | D5: Infant phase | F5: Current Week | G5: ='DNA Loop Engine'!B5 -> 50 | H5: Prenatal/Postnatal age
A6: Average Length (birth) | B6: 50 | C6: cm | D6: Newborn length | F6: Post-Birth Age | G6: =MAX(0,G5-40) -> 10 | H6: Weeks after birth
A7: Average Length (12mo) | B7: 75 | C7: cm | D7: 1 year length | F7: Age in Months | G7: =IF(G6>0,ROUND(G6/4.33,1),"Pre-Birth") -> 2.3 | H7: Months old
A8: Average Weight (birth) | B8: 3.5 | C8: kg | D8: Newborn weight
A9: Average Weight (12mo) | B9: 10 | C9: kg | D9: 1 year weight
A10: Head Circumference | B10: 35-47 | C10: cm | D10: Birth to 12mo
A11: Point 0 Reference | B11: Pelvis Centre | D11: Central origin
A12: X₀ | B12: 0 | C12: m | D12: Left/Right axis
A13: Y₀ | B13: 0 | C13: m | D13: Head/Feet axis
A14: Z₀ | B14: 0 | C14: m | D14: Front/Back axis
A16: 📋 INFANT ANATOMY TABLE — Scaled for 0-12 Months
A17: Name | B17: Category | C17: DNA Code | D17: Domain | E17: Parent | F17: Local X | G17: Local Y | H17: Local Z | I17: Size (cm) | J17: Mass (g) | K17: Growth Rate | L17: Status
A18: Skull (Fontanelles Open) | B18: Skeleton | C18: INF_SKULL | D18: Embodiment | E18: Point 0 | F18: 0 | G18: 0.25 | H18: 0 | I18: 12 | J18: 350 | K18: Rapid | L18: 🔄 Growing
A19: Frontal Bone (Unfused) | B19: Skeleton | C19: INF_FRONTAL | D19: Embodiment | E19: Skull | F19: 0 | G19: 0.28 | H19: 0.03 | I19: 4 | J19: 25 | K19: Rapid | L19: 🔄 Growing
A20: Parietal Bones | B20: Skeleton | C20: INF_PARIETAL | D20: Embodiment | E20: Skull | F20: 0.04 | G20: 0.29 | H20: 0 | I20: 5 | J20: 30 | K20: Rapid | L20: 🔄 Growing
A21: Spine (Cartilaginous) | B21: Skeleton | C21: INF_SPINE | D21: Embodiment | E21: Point 0 | F21: 0 | G21: 0.12 | H21: -0.02 | I21: 20 | J21: 80 | K21: Moderate | L21: 🔄 Growing
A22: Ribs (12 pairs) | B22: Skeleton | C22: INF_RIBS | D22: Embodiment | E22: Spine | F22: 0.05 | G22: 0.15 | H22: 0.02 | I22: 8 | J22: 60 | K22: Moderate | L22: 🔄 Growing
A23: Pelvis (Unfused) | B23: Skeleton | C23: INF_PELVIS | D23: Embodiment | E23: Point 0 | F23: 0 | G23: 0 | H23: 0 | I23: 6 | J23: 40 | K23: Moderate | L23: 🔄 Growing
A24: Femur (L/R) | B24: Skeleton | C24: INF_FEMUR | D24: Embodiment | E24: Pelvis | F24: 0.03 | G24: -0.08 | H24: 0 | I24: 9 | J24: 35 | K24: Rapid | L24: 🔄 Growing
A25: Tibia/Fibula (L/R) | B25: Skeleton | C25: INF_TIBIA | D25: Embodiment | E25: Femur | F25: 0.03 | G25: -0.16 | H25: 0 | I25: 8 | J25: 25 | K25: Rapid | L25: 🔄 Growing
A26: Humerus (L/R) | B26: Skeleton | C26: INF_HUMERUS | D26: Embodiment | E26: Scapula | F26: 0.08 | G26: 0.18 | H26: 0 | I26: 7 | J26: 20 | K26: Rapid | L26: 🔄 Growing
A27: Radius/Ulna (L/R) | B27: Skeleton | C27: INF_RADIUS | D27: Embodiment | E27: Humerus | F27: 0.1 | G27: 0.12 | H27: 0 | I27: 6 | J27: 15 | K27: Rapid | L27: 🔄 Growing
A28: Hand Bones (L/R) | B28: Skeleton | C28: INF_HAND | D28: Embodiment | E28: Radius/Ulna | F28: 0.12 | G28: 0.08 | H28: 0 | I28: 4 | J28: 10 | K28: Moderate | L28: 🔄 Growing
A29: Foot Bones (L/R) | B29: Skeleton | C29: INF_FOOT | D29: Embodiment | E29: Tibia/Fibula | F29: 0.03 | G29: -0.22 | H29: 0.02 | I29: 5 | J29: 15 | K29: Moderate | L29: 🔄 Growing
... A47: Thymus (Large) | B47: Organ | C47: INF_THYMUS | D47: Immune | E47: Sternum | F47: 0 | G47: 0.17 | H47: 0.01 | I47: 5 | J47: 15 | K47: Peak | L47: ✅ Active
A49: 📊 INFANT ANATOMY SUMMARY
A50: Category | B50: Count | C50: Total Mass (g) | D50: Status
A51: Skeleton | B51: =COUNTIF(B18:B47,"Skeleton") -> 12 | C51: =SUMIF(B18:B47,"Skeleton",J18:J47) -> 705 | D51: 🔄 Growing
A52: Organs | B52: =COUNTIF(B18:B47,"Organ") -> 10 | C52: =SUMIF(B18:B47,"Organ",J18:J47) -> 800 | D52: 🔄 Growing
A53: Muscles | B53: =COUNTIF(B18:B47,"Muscle") -> 5 | C53: =SUMIF(B18:B47,"Muscle",J18:J47) -> 275 | D53: 🔄 Growing
A54: Special | B54: =COUNTIF(B18:B47,"Special") -> 3 | C54: =SUMIF(B18:B47,"Special",J18:J47) -> 0 | D54: ⏳ Transitioning
A55: TOTAL | B55: =SUM(B51:B54) -> 30 | C55: =SUM(C51:C54) -> 1780

Sheet Child Development
A1: 🧒 A7DO CHILD DEVELOPMENT ENGINE — Phase 3: Infant → Child (1-12 Years)
A3: ⚙️ DEVELOPMENT CONTROL PANEL | E3: 🧬 SUBSYSTEM STATUS
A4: Parameter | B4: ='DNA Loop Engine'!B5 -> 50 | C4: Notes | E4: Subsystem | F4: Status | G4: Function | H4: Maturity %
A5: Current Week (from DNA) | B5: ='DNA Loop Engine'!B5 -> 50 | C5: Total weeks since conception | E5: Neural Control | F5: 🟢 Active | G5: Motor coordination | H5: =IF($B$7="Pre-Birth",0%,MIN(100%,$B$7*10%+60%)) -> 0.62
A6: Post-Birth Weeks | B6: =MAX(0,B5-40) -> 10 | C6: Weeks since birth | E6: Sensory Integration | F6: 🟣 Refined | G6: Multi-modal perception | H6: =IF($B$7="Pre-Birth",0%,MIN(100%,$B$7*8%+40%)) -> 0.416
A7: Age in Years | B7: =IF(B6>0,ROUND(B6/52,1),"Pre-Birth") -> 0.2 | C7: Child's age | E7: Endocrine Feedback | F7: 🟠 Developing | G7: Hormonal regulation | H7: =IF($B$7="Pre-Birth",0%,MIN(100%,$B$7*6%+20%)) -> 0.212
A8: Development Phase | B8: =IF(B7="Pre-Birth","🔄 GESTATING",IF(B7<1,"🍼 Infant",IF(B7<3,"🧒 Toddler",IF(B7<6,"👦 Early Childhood",IF(B7<12,"🎒 Middle Childhood","🧑 Adolescent"))))) -> 🍼 Infant | C8: Current stage | E8: Cognitive Layer | F8: 🔵 Emerging | G8: Language & reasoning | H8: =IF($B$7="Pre-Birth",0%,MIN(100%,$B$7*7%+10%)) -> 0.114
A9: Cognitive Level | B9: =IF(B7="Pre-Birth","⏳ Pre-Cognitive",IF(B7<1,"🔄 Sensorimotor",IF(B7<2,"🔄 Pre-Operational",IF(B7<7,"🟡 Intuitive",IF(B7<12,"🟢 Concrete Ops","🔵 Formal Ops"))))) -> 🔄 Sensorimotor | C9: Reasoning ability | E9: Social Layer | F9: ⚪ Forming | G9: Emotional awareness | H9: =IF($B$7="Pre-Birth",0%,MIN(100%,$B$7*6%+5%)) -> 0.062
A10: Language Level | B10: =IF(B7="Pre-Birth","⏳ Pre-Verbal",IF(B7<1,"🔄 Babbling",IF(B7<2,"🔄 Single Words",IF(B7<3,"🟡 Two-Word",IF(B7<5,"🟢 Sentences","🔵 Fluent"))))) -> 🔄 Babbling | C10: Communication ability | E10: Identity Layer | F10: ⏳ Pre-Identity | G10: Self-concept | H10: =IF($B$7="Pre-Birth",0%,MIN(100%,$B$7*5%)) -> 0.01
A11: Social Level | B11: =IF(B7="Pre-Birth","⏳ Pre-Social",IF(B7<1,"🔄 Attachment",IF(B7<3,"🔄 Parallel Play",IF(B7<6,"🟡 Cooperative",IF(B7<12,"🟢 Complex Social","🔵 Identity"))))) -> 🔄 Attachment | C11: Interaction ability
A13: 🧠 CHILD DEVELOPMENT MATRIX — Cognitive, Neural & Social
A14: Name | B14: Subsystem | C14: Activation Week | D14: Full Maturity Week | E14: Function | F14: Feedback Source | G14: Learning Type | H14: Domain | I14: Current Week | J14: Status | K14: Maturity %
A15: Language Cortex | B15: Cognitive | C15: 40 | D15: 312 | E15: Speech and Comprehension | F15: Auditory Feedback | G15: Associative Learning | H15: Cognition | I15: ='DNA Loop Engine'!$B$5 -> 50 | J15: =IF(I15<C15,"⏳ Dormant",IF(I15<D15,"🔄 Developing","✅ Mature")) -> 🔄 Developing | K15: =IF(I15<C15,0%,MIN(100%,(I15-C15)/(D15-C15))) -> 0.036764706
A16: Prefrontal Cortex | B16: Cognitive | C16: 40 | D16: 624 | E16: Decision Making | F16: Experience Feedback | G16: Reasoning | H16: Cognition | I16: ='DNA Loop Engine'!$B$5 -> 50 | J16: =IF(I16<C16,"⏳ Dormant",IF(I16<D16,"🔄 Developing","✅ Mature")) -> 🔄 Developing | K16: =IF(I16<C16,0%,MIN(100%,(I16-C16)/(D16-C16))) -> 0.017123288
A17: Hippocampus | B17: Cognitive | C17: 36 | D17: 312 | E17: Memory Formation | F17: Sensory Feedback | G17: Declarative Learning | H17: Cognition | I17: ='DNA Loop Engine'!$B$5 -> 50 | J17: =IF(I17<C17,"⏳ Dormant",IF(I17<D17,"🔄 Developing","✅ Mature")) -> 🔄 Developing | K17: =IF(I17<C17,0%,MIN(100%,(I17-C17)/(D17-C17))) -> 0.050724638
A18: Amygdala | B18: Neural | C18: 36 | D18: 312 | E18: Emotion Processing | F18: Neurochemical Feedback | G18: Associative Learning | H18: Cognition | I18: ='DNA Loop Engine'!$B$5 -> 50 | J18: =IF(I18<C18,"⏳ Dormant",IF(I18<D18,"🔄 Developing","✅ Mature")) -> 🔄 Developing | K18: =IF(I18<C18,0%,MIN(100%,(I18-C18)/(D18-C18))) -> 0.050724638
A19: Visual Cortex | B19: Sensory | C19: 36 | D19: 312 | E19: Visual Recognition | F19: Photoreceptors | G19: Pattern Learning | H19: Sensing | I19: ='DNA Loop Engine'!$B$5 -> 50 | J19: =IF(I19<C19,"⏳ Dormant",IF(I19<D19,"🔄 Developing","✅ Mature")) -> 🔄 Developing | K19: =IF(I19<C19,0%,MIN(100%,(I19-C19)/(D19-C19))) -> 0.050724638
A20: Auditory Cortex | B20: Sensory | C20: 36 | D20: 312 | E20: Sound Recognition | F20: Cochlear Cells | G20: Pattern Learning | H20: Sensing | I20: ='DNA Loop Engine'!$B$5 -> 50 | J20: =IF(I20<C20,"⏳ Dormant",IF(I20<D20,"🔄 Developing","✅ Mature")) -> 🔄 Developing | K20: =IF(I20<C20,0%,MIN(100%,(I20-C20)/(D20-C20))) -> 0.050724638
A21: Somatosensory Cortex | B21: Sensory | C21: 36 | D21: 312 | E21: Tactile Awareness | F21: Mechanoreceptors | G21: Pattern Learning | H21: Sensing | I21: ='DNA Loop Engine'!$B$5 -> 50 | J21: =IF(I21<C21,"⏳ Dormant",IF(I21<D21,"🔄 Developing","✅ Mature")) -> 🔄 Developing | K21: =IF(I21<C21,0%,MIN(100%,(I21-C21)/(D21-C21))) -> 0.050724638
A22: Motor Cortex | B22: Neural | C22: 36 | D22: 312 | E22: Complex Motion Control | F22: Proprioceptors | G22: Motor Learning | H22: Embodiment | I22: ='DNA Loop Engine'!$B$5 -> 50 | J22: =IF(I22<C22,"⏳ Dormant",IF(I22<D22,"🔄 Developing","✅ Mature")) -> 🔄 Developing | K22: =IF(I22<C22,0%,MIN(100%,(I22-C22)/(D22-C22))) -> 0.050724638
A23: Cerebellum | B23: Neural | C23: 36 | D23: 312 | E23: Fine Coordination | F23: Joint Receptors | G23: Adaptive Learning | H23: Embodiment | I23: ='DNA Loop Engine'!$B$5 -> 50 | J23: =IF(I23<C23,"⏳ Dormant",IF(I23<D23,"🔄 Developing","✅ Mature")) -> 🔄 Developing | K23: =IF(I23<C23,0%,MIN(100%,(I23-C23)/(D23-C23))) -> 0.050724638
A24: Limbic System | B24: Neural | C24: 36 | D24: 624 | E24: Social Emotion Regulation | F24: Neurochemical Feedback | G24: Associative Learning | H24: Cognition | I24: ='DNA Loop Engine'!$B$5 -> 50 | J24: =IF(I24<C24,"⏳ Dormant",IF(I24<D24,"🔄 Developing","✅ Mature")) -> 🔄 Developing | K24: =IF(I24<C24,0%,MIN(100%,(I24-C24)/(D24-C24))) -> 0.023809524
A25: Endocrine System | B25: Metabolic | C25: 36 | D25: 624 | E25: Hormonal Regulation | F25: Internal Sensors | G25: Homeostatic Learning | H25: Embodiment | I25: ='DNA Loop Engine'!$B$5 -> 50 | J25: =IF(I25<C25,"⏳ Dormant",IF(I25<D25,"🔄 Developing","✅ Mature")) -> 🔄 Developing | K25: =IF(I25<C25,0%,MIN(100%,(I25-C25)/(D25-C25))) -> 0.023809524
A27: 🏆 CHILD DEVELOPMENTAL MILESTONES (1-12 Years) | E27: 🧠 COGNITIVE DEVELOPMENT DASHBOARD
A28: Age (Years) | B28: Week | C28: Motor Milestone | D28: Cognitive Milestone | E28: Metric | F28: Value | G28: Formula | H28: Status
A29: 1 | B29: 92 | C29: Walks independently | D29: Object permanence | E29: Learning Rate | F29: =IF($B$7="Pre-Birth",0%,MIN(100%,$B$7*8%+20%)) -> 0.216 | G29: NeuralGain × Experience | H29: =IF(F29<30%,"🔴 Basic",IF(F29<60%,"🟡 Developing","🟢 Strong")) -> 🔴 Basic
A30: 1.5 | B30: 118 | C30: Runs, climbs stairs | D30: Symbolic play begins | E30: Memory Capacity | F30: =IF($B$7="Pre-Birth",0%,MIN(100%,$B$7*7%+15%)) -> 0.164 | G30: Hippocampus × Age | H30: =IF(F30<30%,"🔴 Forming",IF(F30<60%,"🟡 Expanding","🟢 Established")) -> 🔴 Forming
A31: 2 | B31: 144 | C31: Kicks ball, jumps | D31: Pretend play | E31: Attention Span | F31: =IF($B$7="Pre-Birth",0,MIN(60,$B$7*5)) -> 1 | G31: Prefrontal × Age (min) | H31: =IF(F31<10,"🔴 Brief",IF(F31<30,"🟡 Growing","🟢 Sustained")) -> 🔴 Brief
A32: 3 | B32: 196 | C32: Pedals tricycle | D32: Sorts by shape/color | E32: Language Index | F32: =IF($B$7="Pre-Birth",0%,MIN(100%,$B$7*9%+5%)) -> 0.068 | G32: Auditory × Language Cortex | H32: =IF(F32<30%,"🔴 Pre-Verbal",IF(F32<60%,"🟡 Verbal","🟢 Fluent")) -> 🔴 Pre-Verbal
A33: 4 | B33: 248 | C33: Hops on one foot | D33: Counts to 10 | E33: Reasoning Index | F33: =IF($B$7="Pre-Birth",0%,MIN(100%,$B$7*6%+5%)) -> 0.062 | G33: Prefrontal Maturity | H33: =IF(F33<30%,"🔴 Concrete",IF(F33<60%,"🟡 Transitional","🟢 Abstract")) -> 🔴 Concrete
A34: 5 | B34: 300 | C34: Skips, catches ball | D34: Understands time | E34: Social-Emotional | F34: =IF($B$7="Pre-Birth",0%,MIN(100%,$B$7*7%+10%)) -> 0.114 | G34: Limbic × Social Experience | H34: =IF(F34<30%,"🔴 Egocentric",IF(F34<60%,"🟡 Empathic","🟢 Socially Aware")) -> 🔴 Egocentric
A35: 6 | B35: 352 | C35: Rides bicycle | D35: Reads simple words | E35: Overall Cognitive | F35: =AVERAGE(F29:F34) -> 0.27066667 | G35: Average All Metrics | H35: =IF(F35<30%,"🔴 Emerging",IF(F35<60%,"🟡 Developing","🟢 Mature")) -> 🔴 Emerging
A36: 7 | B36: 404 | C36: Ties shoelaces | D36: Logical reasoning | E36: Reading fluency | F36: Team activities | G36: =IF($B$5<B36,"⏳ Future",IF($B$5>=B36,"✅ Achieved","🔄 In Progress")) -> ⏳ Future | H36: =IF(G36="✅ Achieved","Yes","No") -> No
A37: 8 | B37: 456 | C37: Coordinated sports | D37: Abstract concepts | E37: Writing paragraphs | F37: Peer influence | G37: =IF($B$5<B37,"⏳ Future",IF($B$5>=B37,"✅ Achieved","🔄 In Progress")) -> ⏳ Future | H37: =IF(G37="✅ Achieved","Yes","No") -> No
A38: 9 | B38: 508 | C38: Fine motor refined | D38: Problem solving | E38: Persuasive language | F38: Group identity | G38: =IF($B$5<B38,"⏳ Future",IF($B$5>=B38,"✅ Achieved","🔄 In Progress")) -> ⏳ Future | H38: =IF(G38="✅ Achieved","Yes","No") -> No
A39: 10 | B39: 560 | C39: Complex coordination | D39: Hypothetical thinking | E39: Metaphors/idioms | F39: Strong friendships | G39: =IF($B$5<B39,"⏳ Future",IF($B$5>=B39,"✅ Achieved","🔄 In Progress")) -> ⏳ Future | H39: =IF(G39="✅ Achieved","Yes","No") -> No
A40: 11 | B40: 612 | C40: Pre-puberty changes | D40: Critical thinking | E40: Complex narratives | F40: Self-awareness | G40: =IF($B$5<B40,"⏳ Future",IF($B$5>=B40,"✅ Achieved","🔄 In Progress")) -> ⏳ Future | H40: =IF(G40="✅ Achieved","Yes","No") -> No
A41: 12 | B41: 664 | C41: Puberty begins | D41: Abstract reasoning | E41: Adult-like language | F41: Identity exploration | G41: =IF($B$5<B41,"⏳ Future",IF($B$5>=B41,"✅ Achieved","🔄 In Progress")) -> ⏳ Future | H41: =IF(G41="✅ Achieved","Yes","No") -> No
A43: 📊 MILESTONE SUMMARY
A44: Metric | B44: Value | C44: Status
A45: Milestones Achieved | B45: =COUNTIF(H29:H41,"Yes") -> 0 | C45: =B45&" of 13" -> 0 of 13
A46: Next Milestone Age | B46: {=IFERROR(MIN(IF(H29:H41="No",A29:A41)),"All Complete")} -> 7 | C46: =IF(B46="All Complete","🎉",B46&" years") -> 7 years
A47: Progress % | B47: =B45/13 -> 0 | C47: =IF(B47<0.25,"🔴 Early",IF(B47<0.5,"🟡 Developing",IF(B47<0.75,"🟢 On Track","🔵 Advanced"))) -> 🔴 Early
A49: 🔗 CROSS-SYSTEM LINKS
A50: Source System | B50: Reference | C50: Data | D50: Purpose
A51: DNA Loop Engine | B51: ='DNA Loop Engine'!B5 -> 50 | C51: Current Week | D51: Timeline sync
A52: Infant Development | B52: ='Infant Development'!B20 -> 1 | C52: Autonomy % | D52: Baseline metrics
A53: Sensory Integration | B53: ='Sensory Integration'!L2 -> 1 | C53: Visual Maturity | D53: Sensory input
A54: Neural Control | C54: Motor Pathways | D54: Movement control
A56: 🧠 COGNITION & LANGUAGE INTEGRATION
A57: Metric | B57: Value | C57: Status
A58: Cognition % | B58: ='Cognition & Language'!G5 -> 0.44901961 | C58: ='Cognition & Language'!H5 -> 🔄 Emerging
A59: Language % | B59: ='Cognition & Language'!G6 -> 0.54166667 | C59: ='Cognition & Language'!H6 -> 🟢 Speaking
A60: Expression Rate | B60: ='Cognition & Language'!G7 -> 0.54166667 | C60: ='Cognition & Language'!H7 -> 🟢 Talking
A61: Comprehension Rate | B61: ='Cognition & Language'!G8 -> 0.54166667 | C61: ='Cognition & Language'!H8 -> 🟢 Good
A62: Memory Capacity | B62: ='Cognition & Language'!G9 -> 58.333333 | C62: ='Cognition & Language'!H9 -> 🟢 Developing
A63: Reasoning Index | B63: ='Cognition & Language'!G10 -> 0.37254902 | C63: ='Cognition & Language'!H10 -> 🔄 Intuitive
A64: Communication Status | B64: ='Cognition & Language'!B65 -> 🟢 Developing
A65: Active Neural Pathways | B65: ='Cognition & Language'!B63 -> 6 of 8

Sheet Child Anatomy Engine
A1: 🧒 A7DO CHILD ANATOMY ENGINE — 1 to 12 Years
A3: 📏 CHILD REFERENCE PARAMETERS | F3: 🔗 LINKED TO DNA ENGINE
A4: Parameter | B4: Value | C4: Unit | D4: Notes | F4: Source | G4: Value | H4: Description
A5: Reference Age | B5: 46034 | C5: years | D5: Child phase | F5: Current Week | G5: ='DNA Loop Engine'!B5 -> 50 | H5: Total weeks
A6: Height (1 year) | B6: 75 | C6: cm | D6: Average toddler | F6: Post-Birth Weeks | G6: =MAX(0,G5-40) -> 10 | H6: Weeks since birth
A7: Height (6 years) | B7: 115 | C7: cm | D7: Early childhood | F7: Age in Years | G7: =IF(G6>0,ROUND(G6/52,1),"Pre-Birth") -> 0.2 | H7: Child's age
A8: Height (12 years) | B8: 150 | C8: cm | D8: Pre-adolescent | F8: Height Scale | G8: =IF(G7="Pre-Birth",0%,MIN(100%,43%+G7*4.75%)) -> 0.4395 | H8: % of adult height
A9: Weight (1 year) | B9: 10 | C9: kg | D9: Average toddler | F9: Mass Scale | G9: =IF(G7="Pre-Birth",0%,MIN(100%,5%+G7*7.5%)) -> 0.065 | H9: % of adult mass
A10: Weight (6 years) | B10: 21 | C10: kg | D10: Early childhood
A11: Weight (12 years) | B11: 40 | C11: kg | D11: Pre-adolescent
A12: Point 0 Reference | B12: Pelvis Centre | D12: Central origin
A13: X₀ | B13: 0 | C13: m | D13: Left/Right axis
A14: Y₀ | B14: 0 | C14: m | D14: Head/Feet axis
A15: Z₀ | B15: 0 | C15: m | D15: Front/Back axis
A17: 📋 CHILD ANATOMY TABLE — Scaled for 1-12 Years
A18: Name | B18: Category | C18: DNA Code | D18: Domain | E18: Parent | F18: Local X | G18: Local Y | H18: Local Z | I18: Child Size (cm) | J18: Adult Size (cm) | K18: Growth % | L18: Status
A19: Skull (Fused) | B19: Skeleton | C19: CH_SKULL | D19: Embodiment | E19: Point 0 | F19: 0 | G19: 0.55 | H19: 0 | I19: 18 | J19: 22 | K19: =IF($G$7="Pre-Birth",0%,MIN(100%,I19/J19)) -> 0.81818182 | L19: 🔄 Growing
A20: Frontal Bone | B20: Skeleton | C20: CH_FRONTAL | D20: Embodiment | E20: Skull | F20: 0 | G20: 0.6 | H20: 0.06 | I20: 8 | J20: 12 | K20: =IF($G$7="Pre-Birth",0%,MIN(100%,I20/J20)) -> 0.66666667 | L20: 🔄 Growing
A21: Parietal Bones | B21: Skeleton | C21: CH_PARIETAL | D21: Embodiment | E21: Skull | F21: 0.06 | G21: 0.62 | H21: 0 | I21: 10 | J21: 14 | K21: =IF($G$7="Pre-Birth",0%,MIN(100%,I21/J21)) -> 0.71428571 | L21: 🔄 Growing
A22: Spine (33 vertebrae) | B22: Skeleton | C22: CH_SPINE | D22: Embodiment | E22: Point 0 | F22: 0 | G22: 0.28 | H22: -0.04 | I22: 38 | J22: 60 | K22: =IF($G$7="Pre-Birth",0%,MIN(100%,I22/J22)) -> 0.63333333 | L22: 🔄 Growing
A23: Ribs (24) | B23: Skeleton | C23: CH_RIBS | D23: Embodiment | E23: Spine | F23: 0.08 | G23: 0.35 | H23: 0.04 | I23: 18 | J23: 30 | K23: =IF($G$7="Pre-Birth",0%,MIN(100%,I23/J23)) -> 0.6 | L23: 🔄 Growing
A24: Sternum | B24: Skeleton | C24: CH_STERNUM | D24: Embodiment | E24: Ribs | F24: 0 | G24: 0.38 | H24: 0.06 | I24: 10 | J24: 17 | K24: =IF($G$7="Pre-Birth",0%,MIN(100%,I24/J24)) -> 0.58823529 | L24: 🔄 Growing
A25: Pelvis | B25: Skeleton | C25: CH_PELVIS | D25: Embodiment | E25: Point 0 | F25: 0 | G25: 0 | H25: 0 | I25: 12 | J25: 20 | K25: =IF($G$7="Pre-Birth",0%,MIN(100%,I25/J25)) -> 0.6 | L25: 🔄 Growing
A26: Femur (L/R) | B26: Skeleton | C26: CH_FEMUR | D26: Embodiment | E26: Pelvis | F26: 0.06 | G26: -0.18 | H26: 0 | I26: 25 | J26: 45 | K26: =IF($G$7="Pre-Birth",0%,MIN(100%,I26/J26)) -> 0.55555556 | L26: 🔄 Growing
A27: Tibia (L/R) | B27: Skeleton | C27: CH_TIBIA | D27: Embodiment | E27: Femur | F27: 0.06 | G27: -0.38 | H27: 0 | I27: 22 | J27: 40 | K27: =IF($G$7="Pre-Birth",0%,MIN(100%,I27/J27)) -> 0.55 | L27: 🔄 Growing
A28: Fibula (L/R) | B28: Skeleton | C28: CH_FIBULA | D28: Embodiment | E28: Tibia | F28: 0.08 | G28: -0.38 | H28: 0 | I28: 20 | J28: 38 | K28: =IF($G$7="Pre-Birth",0%,MIN(100%,I28/J28)) -> 0.52631579 | L28: 🔄 Growing
A29: Foot (L/R) | B29: Skeleton | C29: CH_FOOT | D29: Embodiment | E29: Tibia | F29: 0.06 | G29: -0.52 | H29: 0.05 | I29: 14 | J29: 26 | K29: =IF($G$7="Pre-Birth",0%,MIN(100%,I29/J29)) -> 0.53846154 | L29: 🔄 Growing
A30: Scapula (L/R) | B30: Skeleton | C30: CH_SCAPULA | D30: Embodiment | E30: Spine | F30: 0.1 | G30: 0.42 | H30: -0.04 | I30: 8 | J30: 15 | K30: =IF($G$7="Pre-Birth",0%,MIN(100%,I30/J30)) -> 0.53333333 | L30: 🔄 Growing
... A63: Prefrontal Cortex | B63: Neural | C63: CH_PREFRONTAL | D63: Cognition | E63: Cerebrum | F63: 0 | G63: 0.64 | H63: 0.08 | I63: 150 | J63: 300 | K63: =IF($G$7="Pre-Birth",0%,MIN(100%,I63/J63)) -> 0.5 | L63: 🔄 Growing
A65: 📊 CHILD ANATOMY SUMMARY | F65: 🔗 SYSTEM LINKS
A66: Category | B66: Count | C66: Avg Growth % | D66: Avg Child Size | E66: Status | F66: Linked System | G66: Reference | H66: Purpose
A67: Skeleton | B67: =COUNTIF(B19:B63,"Skeleton") -> 17 | C67: =AVERAGEIF(B19:B63,"Skeleton",K19:K63) -> 0.58661645 | D67: =SUMIF(B19:B63,"Skeleton",I19:I63) -> 268 | E67: 🔄 Growing | F67: DNA Loop Engine | G67: Week Sync | H67: Timeline
A68: Organs | B68: =COUNTIF(B19:B63,"Organ") -> 13 | C68: =AVERAGEIF(B19:B63,"Organ",K19:K63) -> 0.62316145 | D68: =SUMIF(B19:B63,"Organ",I19:I63) -> 2913 | E68: 🔄 Growing | F68: Infant Anatomy | G68: Baseline | H68: Growth comparison
A69: Muscles | B69: =COUNTIF(B19:B63,"Muscle") -> 10 | C69: =AVERAGEIF(B19:B63,"Muscle",K19:K63) -> 0.31851587 | D69: =SUMIF(B19:B63,"Muscle",I19:I63) -> 1140 | E69: 🔄 Growing | F69: Adult Anatomy | G69: Target | H69: Maturity target
A70: Neural | B70: =COUNTIF(B19:B63,"Neural") -> 5 | C70: =AVERAGEIF(B19:B63,"Neural",K19:K63) -> 0.685 | D70: =SUMIF(B19:B63,"Neural",I19:I63) -> 1250 | E70: 🔄 Growing | F70: Child Development | G70: Cognition | H70: Neural integration
A71: TOTAL | B71: =SUM(B67:B70) -> 45 | C71: =AVERAGE(K19:K63) -> 0.5485275 | D71: =SUM(D67:D70) -> 5571 | E71: 🔄 Active
A73: 📈 CHILD vs ADULT COMPARISON
A74: Metric | B74: Child Value | C74: Adult Value | D74: % of Adult
A75: Average Height | B75: =IF($G$7="Pre-Birth","N/A",ROUND(75+($G$7-1)*6.25,0)&" cm") -> 70 cm | C75: 175 cm | D75: =$G$8 -> 0.4395
A76: Average Mass | B76: =IF($G$7="Pre-Birth","N/A",ROUND(10+($G$7-1)*2.73,1)&" kg") -> 7.8 kg | C76: 70 kg | D76: =$G$9 -> 0.065
A77: Brain Size | B77: =IF($G$7="Pre-Birth","N/A",ROUND(950+($G$7-1)*37.5,0)&" g") -> 920 g | C77: 1400 g | D77: =IF($G$7="Pre-Birth",0%,MIN(100%,(950+($G$7-1)*37.5)/1400)) -> 0.65714286
A78: Overall Maturity | B78: =IF($G$7="Pre-Birth","N/A",ROUND(C71*100,0)&"%") -> 55% | C78: 1 | D78: =C71 -> 0.5485275

Sheet Cognition & Language
A1: 🧠 A7DO COGNITION & LANGUAGE INTEGRATION MATRIX
A3: ⚙️ CONTROL PANEL | F3: 🎯 COGNITIVE METRICS
A4: Parameter | B4: Value | C4: Unit | D4: Notes | F4: Metric | G4: Value | H4: Status
A5: Current Week | B5: ='DNA Loop Engine'!B5 -> 50 | C5: weeks | D5: From DNA Engine | F5: Cognition % | G5: =AVERAGE(L14:L18) -> 0.44901961 | H5: =IF(G5<0.1,"⏳ Dormant",IF(G5<0.5,"🔄 Emerging",IF(G5<0.8,"🟢 Active","✅ Mature"))) -> 🔄 Emerging
A6: Post-Birth Weeks | B6: =MAX(0,B5-40) -> 10 | C6: weeks | D6: Development time | F6: Language % | G6: =AVERAGE(L19:L24) -> 0.54166667 | H6: =IF(G6<0.1,"⏳ Pre-verbal",IF(G6<0.5,"🔄 Babbling",IF(G6<0.8,"🟢 Speaking","✅ Fluent"))) -> 🟢 Speaking
A7: Age in Years | B7: =IF(B5<40,"Pre-Birth",ROUND(B6/52,1)) -> 0.2 | C7: years | D7: Child's age | F7: Expression Rate | G7: =G6*B8 -> 0.54166667 | H7: =IF(G7<0.1,"⏳ Silent",IF(G7<0.3,"🔄 Vocalizing",IF(G7<0.6,"🟢 Talking","✅ Articulate"))) -> 🟢 Talking
A8: Neural Gain | B8: ='DNA Loop Engine'!B19 -> 1 | C8: % | D8: From DNA Engine | F8: Comprehension Rate | G8: =G6*B9 -> 0.54166667 | H8: =IF(G8<0.1,"⏳ None",IF(G8<0.3,"🔄 Basic",IF(G8<0.6,"🟢 Good","✅ Excellent"))) -> 🟢 Good
A9: Sensory Feedback | B9: =AVERAGE('Sensory Integration'!L2:L16) -> 1 | C9: % | D9: Average sensory maturity | F9: Memory Capacity | G9: =L15*100 -> 58.333333 | H9: =IF(G9<10,"⏳ Minimal",IF(G9<40,"🔄 Short-term",IF(G9<70,"🟢 Developing","✅ Full"))) -> 🟢 Developing
A10: Development Phase | B10: =IF(B5<40,"🔄 GESTATING",IF(B7<1,"🍼 Infant",IF(B7<3,"🧒 Toddler",IF(B7<6,"👦 Early Childhood",IF(B7<12,"🎒 Middle Childhood","🧑 Adolescent"))))) -> 🍼 Infant | D10: Auto-detected | F10: Reasoning Index | G10: =AVERAGE(L14,L17) -> 0.37254902 | H10: =IF(G10<0.1,"⏳ Reflexive",IF(G10<0.4,"🔄 Intuitive",IF(G10<0.7,"🟢 Logical","✅ Abstract"))) -> 🔄 Intuitive
A12: 📋 COGNITION & LANGUAGE MATRIX
A13: Name | B13: Subsystem | C13: Activation Week | D13: Full Maturity Week | E13: Function | F13: Input Source | G13: Output Target | H13: Learning Type | I13: Domain | J13: Current Week | K13: Status | L13: Maturity %
A14: Prefrontal Cortex | B14: Cognitive | C14: 40 | D14: 70 | E14: Decision Making | F14: Sensory Feedback | G14: Motor Cortex | H14: Reasoning | I14: Cognition | J14: =$B$5 -> 50 | K14: =IF(J14<C14,"⏳ Dormant",IF(J14>=D14,"✅ Mature","🔄 Developing")) -> 🔄 Developing | L14: =IF(J14<C14,0,IF(J14>=D14,1,MIN(1,(J14-C14)/(D14-C14)))) -> 0.33333333
A15: Hippocampus | B15: Cognitive | C15: 36 | D15: 60 | E15: Memory Formation | F15: Sensory Feedback | G15: Cerebrum | H15: Declarative Learning | I15: Cognition | J15: =$B$5 -> 50 | K15: =IF(J15<C15,"⏳ Dormant",IF(J15>=D15,"✅ Mature","🔄 Developing")) -> 🔄 Developing | L15: =IF(J15<C15,0,IF(J15>=D15,1,MIN(1,(J15-C15)/(D15-C15)))) -> 0.58333333
A16: Amygdala | B16: Cognitive | C16: 36 | D16: 60 | E16: Emotion Association | F16: Neurochemical Feedback | G16: Limbic System | H16: Associative Learning | I16: Cognition | J16: =$B$5 -> 50 | K16: =IF(J16<C16,"⏳ Dormant",IF(J16>=D16,"✅ Mature","🔄 Developing")) -> 🔄 Developing | L16: =IF(J16<C16,0,IF(J16>=D16,1,MIN(1,(J16-C16)/(D16-C16)))) -> 0.58333333
A17: Limbic System | B17: Cognitive | C17: 36 | D17: 70 | E17: Emotion Regulation | F17: Neurochemical Feedback | G17: Prefrontal Cortex | H17: Associative Learning | I17: Cognition | J17: =$B$5 -> 50 | K17: =IF(J17<C17,"⏳ Dormant",IF(J17>=D17,"✅ Mature","🔄 Developing")) -> 🔄 Developing | L17: =IF(J17<C17,0,IF(J17>=D17,1,MIN(1,(J17-C17)/(D17-C17)))) -> 0.41176471
A18: Cerebrum Integration | B18: Cognitive | C18: 40 | D18: 70 | E18: Concept Formation | F18: Multisensory Feedback | G18: All Cortices | H18: Abstract Learning | I18: Cognition | J18: =$B$5 -> 50 | K18: =IF(J18<C18,"⏳ Dormant",IF(J18>=D18,"✅ Mature","🔄 Developing")) -> 🔄 Developing | L18: =IF(J18<C18,0,IF(J18>=D18,1,MIN(1,(J18-C18)/(D18-C18)))) -> 0.33333333
A19: Broca's Area | B19: Language | C19: 40 | D19: 60 | E19: Speech Production | F19: Auditory Feedback | G19: Motor Cortex | H19: Symbolic Learning | I19: Communication | J19: =$B$5 -> 50 | K19: =IF(J19<C19,"⏳ Dormant",IF(J19>=D19,"✅ Mature","🔄 Developing")) -> 🔄 Developing | L19: =IF(J19<C19,0,IF(J19>=D19,1,MIN(1,(J19-C19)/(D19-C19)))) -> 0.5
A20: Wernicke's Area | B20: Language | C20: 40 | D20: 60 | E20: Comprehension | F20: Auditory Feedback | G20: Cerebrum | H20: Semantic Learning | I20: Communication | J20: =$B$5 -> 50 | K20: =IF(J20<C20,"⏳ Dormant",IF(J20>=D20,"✅ Mature","🔄 Developing")) -> 🔄 Developing | L20: =IF(J20<C20,0,IF(J20>=D20,1,MIN(1,(J20-C20)/(D20-C20)))) -> 0.5
A21: Auditory Cortex | B21: Sensory | C21: 36 | D21: 60 | E21: Sound Processing | F21: Cochlear Cells | G21: Wernicke's Area | H21: Pattern Learning | I21: Sensing | J21: =$B$5 -> 50 | K21: =IF(J21<C21,"⏳ Dormant",IF(J21>=D21,"✅ Mature","🔄 Developing")) -> 🔄 Developing | L21: =IF(J21<C21,0,IF(J21>=D21,1,MIN(1,(J21-C21)/(D21-C21)))) -> 0.58333333
A22: Visual Cortex | B22: Sensory | C22: 36 | D22: 60 | E22: Symbol Recognition | F22: Photoreceptors | G22: Broca's Area | H22: Pattern Learning | I22: Sensing | J22: =$B$5 -> 50 | K22: =IF(J22<C22,"⏳ Dormant",IF(J22>=D22,"✅ Mature","🔄 Developing")) -> 🔄 Developing | L22: =IF(J22<C22,0,IF(J22>=D22,1,MIN(1,(J22-C22)/(D22-C22)))) -> 0.58333333
A23: Motor Cortex (Laryngeal) | B23: Motor | C23: 40 | D23: 60 | E23: Vocal Articulation | F23: Proprioceptors | G23: Broca's Area | H23: Motor Learning | I23: Embodiment | J23: =$B$5 -> 50 | K23: =IF(J23<C23,"⏳ Dormant",IF(J23>=D23,"✅ Mature","🔄 Developing")) -> 🔄 Developing | L23: =IF(J23<C23,0,IF(J23>=D23,1,MIN(1,(J23-C23)/(D23-C23)))) -> 0.5
A24: Cerebellum (Speech) | B24: Motor | C24: 36 | D24: 60 | E24: Speech Coordination | F24: Joint Receptors | G24: Motor Cortex | H24: Adaptive Learning | I24: Embodiment | J24: =$B$5 -> 50 | K24: =IF(J24<C24,"⏳ Dormant",IF(J24>=D24,"✅ Mature","🔄 Developing")) -> 🔄 Developing | L24: =IF(J24<C24,0,IF(J24>=D24,1,MIN(1,(J24-C24)/(D24-C24)))) -> 0.58333333
A26: 🗣️ LANGUAGE MILESTONES | H26: 🔗 NEURAL PATHWAY CONNECTIONS
A27: Age (Months) | B27: Milestone | C27: Description | D27: Achieved Week | E27: Current Week | F27: Status | H27: Pathway | I27: Source | J27: Target | K27: Signal Type | L27: Status
A28: 0 | B28: Crying | C28: Basic vocalization | D28: 40 | E28: =$B$5 -> 50 | F28: =IF(E28>=D28,"✅ Achieved","⏳ Upcoming") -> ✅ Achieved | H28: Sensory → Cognition | I28: Sensory Cortices | J28: Hippocampus | K28: Perception | L28: =IF(AND(L15>0.3,L14>0.1),"🟢 FORMING","⏳ DORMANT") -> 🟢 FORMING
A29: 2 | B29: Cooing | C29: Vowel-like sounds | D29: 48 | E29: =$B$5 -> 50 | F29: =IF(E29>=D29,"✅ Achieved","⏳ Upcoming") -> ✅ Achieved | H29: Memory → Reasoning | I29: Hippocampus | J29: Prefrontal Cortex | K29: Recall | L29: =IF(AND(L15>0.5,L14>0.3),"🟢 ACTIVE",IF(L15>0.3,"🟡 FORMING","⏳ DORMANT")) -> 🟢 ACTIVE
A30: 4 | B30: Babbling | C30: Consonant-vowel combos (ba-ba) | D30: 56 | E30: =$B$5 -> 50 | F30: =IF(E30>=D30,"✅ Achieved","⏳ Upcoming") -> ⏳ Upcoming | H30: Emotion → Decision | I30: Amygdala | J30: Prefrontal Cortex | K30: Valence | L30: =IF(AND(L16>0.5,L14>0.3),"🟢 ACTIVE",IF(L16>0.3,"🟡 FORMING","⏳ DORMANT")) -> 🟢 ACTIVE
A31: 6 | B31: Varied Babbling | C31: Different sounds and tones | D31: 64 | E31: =$B$5 -> 50 | F31: =IF(E31>=D31,"✅ Achieved","⏳ Upcoming") -> ⏳ Upcoming | H31: Auditory → Language | I31: Auditory Cortex | J31: Wernicke's Area | K31: Phonemes | L31: =IF(AND(L21>0.5,L20>0.3),"🟢 ACTIVE",IF(L21>0.3,"🟡 FORMING","⏳ DORMANT")) -> 🟢 ACTIVE
A32: 9 | B32: Gestures | C32: Pointing, waving | D32: 76 | E32: =$B$5 -> 50 | F32: =IF(E32>=D32,"✅ Achieved","⏳ Upcoming") -> ⏳ Upcoming | H32: Comprehension → Production | I32: Wernicke's Area | J32: Broca's Area | K32: Semantic | L32: =IF(AND(L20>0.5,L19>0.3),"🟢 ACTIVE",IF(L20>0.3,"🟡 FORMING","⏳ DORMANT")) -> 🟡 FORMING
A33: 12 | B33: First Words | C33: Mama, Dada, simple nouns | D33: 92 | E33: =$B$5 -> 50 | F33: =IF(E33>=D33,"✅ Achieved","⏳ Upcoming") -> ⏳ Upcoming | H33: Production → Motor | I33: Broca's Area | J33: Motor Cortex | K33: Syntax | L33: =IF(AND(L19>0.5,L23>0.3),"🟢 ACTIVE",IF(L19>0.3,"🟡 FORMING","⏳ DORMANT")) -> 🟡 FORMING
A34: 18 | B34: Two-Word Phrases | C34: "More milk", "Daddy go" | D34: 118 | E34: =$B$5 -> 50 | F34: =IF(E34>=D34,"✅ Achieved","⏳ Upcoming") -> ⏳ Upcoming | H34: Visual → Reading | I34: Visual Cortex | J34: Broca's Area | K34: Graphemes | L34: =IF(AND(L22>0.5,L19>0.3),"🟢 ACTIVE",IF(L22>0.3,"🟡 FORMING","⏳ DORMANT")) -> 🟢 ACTIVE
A35: 24 | B35: Sentences | C35: 3-4 word sentences | D35: 144 | E35: =$B$5 -> 50 | F35: =IF(E35>=D35,"✅ Achieved","⏳ Upcoming") -> ⏳ Upcoming | H35: Cerebellum → Speech | I35: Cerebellum | J35: Motor Cortex | K35: Coordination | L35: =IF(AND(L24>0.5,L23>0.3),"🟢 ACTIVE",IF(L24>0.3,"🟡 FORMING","⏳ DORMANT")) -> 🟢 ACTIVE
A36: 36 | B36: Complex Speech | C36: Full sentences, questions | D36: 196 | E36: =$B$5 -> 50 | F36: =IF(E36>=D36,"✅ Achieved","⏳ Upcoming") -> ⏳ Upcoming
A37: 48 | B37: Storytelling | C37: Narratives, past tense | D37: 248 | E37: =$B$5 -> 50 | F37: =IF(E37>=D37,"✅ Achieved","⏳ Upcoming") -> ⏳ Upcoming
A38: 60 | B38: Reading Ready | C38: Phonemic awareness | D38: 300 | E38: =$B$5 -> 50 | F38: =IF(E38>=D38,"✅ Achieved","⏳ Upcoming") -> ⏳ Upcoming
A40: 🧠 COGNITIVE MILESTONES | H40: 📅 DEVELOPMENT TIMELINE PREVIEW
A41: Age (Months) | B41: Milestone | C41: Description | D41: Achieved Week | E41: Current Week | F41: Status | H41: Week | I41: Age | J41: Cognitive Ability | K41: Language Ability | L41: Status
A42: 0 | B42: Reflexive Responses | C42: Automatic reactions to stimuli | D42: 40 | E42: =$B$5 -> 50 | F42: =IF(E42>=D42,"✅ Achieved","⏳ Upcoming") -> ✅ Achieved | H42: 36 | I42: Pre-Birth | J42: Hippocampus/Amygdala Activate | K42: Auditory/Visual Cortex Forming | L42: =IF($B$5>=H42,"✅ Reached",IF($B$5>=H42-10,"🔜 Soon","⏳ Future")) -> ✅ Reached
A43: 3 | B43: Object Tracking | C43: Follows moving objects with eyes | D43: 52 | E43: =$B$5 -> 50 | F43: =IF(E43>=D43,"✅ Achieved","⏳ Upcoming") -> ⏳ Upcoming | H43: 40 | I43: Birth | J43: Prefrontal/Limbic Begin | K43: Broca/Wernicke Activate | L43: =IF($B$5>=H43,"✅ Reached",IF($B$5>=H43-10,"🔜 Soon","⏳ Future")) -> ✅ Reached
A44: 6 | B44: Object Permanence | C44: Knows objects exist when hidden | D44: 64 | E44: =$B$5 -> 50 | F44: =IF(E44>=D44,"✅ Achieved","⏳ Upcoming") -> ⏳ Upcoming | H44: 52 | I44: 3 months | J44: Object Tracking | K44: Cooing | L44: =IF($B$5>=H44,"✅ Reached",IF($B$5>=H44-10,"🔜 Soon","⏳ Future")) -> 🔜 Soon
A45: 9 | B45: Cause & Effect | C45: Understands actions have results | D45: 76 | E45: =$B$5 -> 50 | F45: =IF(E45>=D45,"✅ Achieved","⏳ Upcoming") -> ⏳ Upcoming | H45: 64 | I45: 6 months | J45: Object Permanence | K45: Babbling | L45: =IF($B$5>=H45,"✅ Reached",IF($B$5>=H45-10,"🔜 Soon","⏳ Future")) -> ⏳ Future
A46: 12 | B46: Problem Solving | C46: Simple trial and error | D46: 92 | E46: =$B$5 -> 50 | F46: =IF(E46>=D46,"✅ Achieved","⏳ Upcoming") -> ⏳ Upcoming | H46: 92 | I46: 1 year | J46: Problem Solving | K46: First Words | L46: =IF($B$5>=H46,"✅ Reached",IF($B$5>=H46-10,"🔜 Soon","⏳ Future")) -> ⏳ Future
A47: 18 | B47: Symbolic Play | C47: Pretend play begins | D47: 118 | E47: =$B$5 -> 50 | F47: =IF(E47>=D47,"✅ Achieved","⏳ Upcoming") -> ⏳ Upcoming | H47: 144 | I47: 2 years | J47: Categorization | K47: Sentences | L47: =IF($B$5>=H47,"✅ Reached",IF($B$5>=H47-10,"🔜 Soon","⏳ Future")) -> ⏳ Future
A48: 24 | B48: Categorization | C48: Groups similar objects | D48: 144 | E48: =$B$5 -> 50 | F48: =IF(E48>=D48,"✅ Achieved","⏳ Upcoming") -> ⏳ Upcoming | H48: 196 | I48: 3 years | J48: Theory of Mind | K48: Complex Speech | L48: =IF($B$5>=H48,"✅ Reached",IF($B$5>=H48-10,"🔜 Soon","⏳ Future")) -> ⏳ Future
A49: 36 | B49: Theory of Mind | C49: Understands others have thoughts | D49: 196 | E49: =$B$5 -> 50 | F49: =IF(E49>=D49,"✅ Achieved","⏳ Upcoming") -> ⏳ Upcoming | H49: 300 | I49: 5 years | J49: Abstract Concepts | K49: Reading Ready | L49: =IF($B$5>=H49,"✅ Reached",IF($B$5>=H49-10,"🔜 Soon","⏳ Future")) -> ⏳ Future
A50: 48 | B50: Logical Reasoning | C50: If-then thinking | D50: 248 | E50: =$B$5 -> 50 | F50: =IF(E50>=D50,"✅ Achieved","⏳ Upcoming") -> ⏳ Upcoming | H50: 352 | I50: 6 years | J50: Metacognition | K50: Full Literacy | L50: =IF($B$5>=H50,"✅ Reached",IF($B$5>=H50-10,"🔜 Soon","⏳ Future")) -> ⏳ Future
A51: 60 | B51: Abstract Concepts | C51: Time, numbers, letters | D51: 300 | E51: =$B$5 -> 50 | F51: =IF(E51>=D51,"✅ Achieved","⏳ Upcoming") -> ⏳ Upcoming
A52: 72 | B52: Metacognition | C52: Thinking about thinking | D52: 352 | E52: =$B$5 -> 50 | F52: =IF(E52>=D52,"✅ Achieved","⏳ Upcoming") -> ⏳ Upcoming
A54: 📊 COGNITION & LANGUAGE SUMMARY
A55: Metric | B55: Value | D55: 🔗 SYSTEM CONNECTIONS
A56: Total Components | B56: =COUNTA(A14:A24) -> 11 | D56: Linked System | E56: Reference | F56: Purpose
A57: Cognitive Subsystem | B57: =COUNTIF(B14:B24,"Cognitive") -> 5 | D57: DNA Loop Engine | E57: Week Sync | F57: Timeline driver
A58: Language Subsystem | B58: =COUNTIF(B14:B24,"Language") -> 2 | D58: Sensory Integration | E58: Sensory Feedback | F58: Perception input
A59: Sensory/Motor Support | B59: =COUNTIF(B14:B24,"Sensory")+COUNTIF(B14:B24,"Motor") -> 4 | D59: Neural Control | E59: Neural Gain | F59: Processing power
A60: Overall Maturity | B60: =AVERAGE(L14:L24) -> 0.49955437 | D60: Child Development | E60: Cognitive Index | F60: Development tracking
A61: Language Milestones Achieved | B61: =COUNTIF(F28:F38,"✅ Achieved")&" of "&COUNTA(F28:F38) -> 2 of 11 | D61: Infant Development | E61: Milestones | F61: Early development
A62: Cognitive Milestones Achieved | B62: =COUNTIF(F42:F52,"✅ Achieved")&" of "&COUNTA(F42:F52) -> 1 of 11 | D62: Child Anatomy Engine | E62: Brain Size | F62: Physical growth
A63: Active Neural Pathways | B63: =COUNTIF(L28:L35,"🟢*")&" of "&COUNTA(L28:L35) -> 6 of 8 | D63: Respiratory Control | E63: O₂ Supply | F63: Metabolic support
A64: Mind-Language Integration | B64: =AVERAGE(G5,G6) -> 0.49534314 | D64: Circulatory System | E64: Blood Flow | F64: Nutrient delivery
A65: Communication Readiness | B65: =IF(B64<0.1,"⏳ Pre-Communicative",IF(B64<0.3,"🔄 Emerging",IF(B64<0.6,"🟢 Developing","✅ Ready"))) -> 🟢 Developing

Sheet Adolescent Development
A1: 🧠 A7DO ADOLESCENT DEVELOPMENT ENGINE — IDENTITY & ABSTRACT REASONING
A3: ⚙️ CONTROL PANEL | F3: 🎯 ADOLESCENT COGNITIVE METRICS
A4: Parameter | B4: ='DNA Loop Engine'!B5 -> 50 | C4: Unit | D4: Notes | F4: Metric | G4: Value | H4: Status
A5: Current Week | B5: ='DNA Loop Engine'!B5 -> 50 | C5: weeks | D5: From DNA Engine | F5: Abstract Reasoning % | G5: =IF($B$15<10,0,IF($B$15>=18,100,ROUND(($B$15-10)/8*100,0))) -> 0 | H5: =IF(G5=0,"⏳ Dormant",IF(G5<50,"🔄 Developing",IF(G5<80,"🟡 Maturing","✅ Mature"))) -> ⏳ Dormant
A6: Post-Birth Weeks | B6: =MAX(0, B5-40) -> 10 | C6: weeks | D6: Development time | F6: Emotional Regulation % | G6: =IF($B$15<10,20,IF($B$15>=18,85,ROUND(20+($B$15-10)/8*65,0))) -> 20 | H6: =IF(G6<30,"🔴 Unstable",IF(G6<60,"🟠 Developing",IF(G6<80,"🟡 Stabilizing","✅ Stable"))) -> 🔴 Unstable
A7: Age in Years | B7: =IF(B6<=0,"Pre-Birth",IF(B6<52,ROUND(B6/52,1)&" ("&ROUND(B6/4.33,0)&" mo)",ROUND(B6/52,1))) -> 0.2 (2 mo) | C7: years | D7: Adolescent age | F7: Identity Formation % | G7: =ROUND($B$14*100,0) -> 0 | H7: =IF(G7=0,"⏳ Pre-Identity",IF(G7<50,"🔄 Forming",IF(G7<80,"🟡 Solidifying","✅ Established"))) -> ⏳ Pre-Identity
A8: Age in Months | B8: =IF(B6<=0,0,ROUND(B6/4.33,0)) -> 2 | C8: months | D8: Monthly age | F8: Social Intelligence % | G8: =IF($B$15<10,30,IF($B$15>=18,90,ROUND(30+($B$15-10)/8*60,0))) -> 30 | H8: =IF(G8<40,"🔄 Basic",IF(G8<70,"🟡 Developing","✅ Advanced")) -> 🔄 Basic
A9: Development Phase | B9: =IF($B$15<1,"👶 Infant",IF($B$15<10,"🧒 Child",IF($B$15<13,"🧑 Pre-Teen",IF($B$15<18,"🧑‍🦱 Adolescent","🧑‍🎓 Young Adult")))) -> 👶 Infant | D9: Auto-detected | F9: Executive Function % | G9: =IF($B$15<10,10,IF($B$15>=18,80,ROUND(10+($B$15-10)/8*70,0))) -> 10 | H9: =IF(G9<30,"⏳ Emerging",IF(G9<60,"🔄 Developing",IF(G9<80,"🟡 Maturing","✅ Functional"))) -> ⏳ Emerging
A10: Puberty Status | B10: =IF($B$15<10,"⏳ Pre-Puberty",IF($B$15<13,"🔄 Early Puberty",IF($B$15<16,"🔄 Mid-Puberty",IF($B$15<18,"🔄 Late Puberty","✅ Complete")))) -> ⏳ Pre-Puberty | D10: Hormonal stage | F10: Risk Assessment % | G10: =IF($B$15<10,5,IF($B$15>=18,75,ROUND(5+($B$15-10)/8*70,0))) -> 5 | H10: =IF(G10<30,"🔴 Poor",IF(G10<60,"🟠 Limited",IF(G10<80,"🟡 Developing","✅ Good"))) -> 🔴 Poor
A11: Neural Gain | B11: ='DNA Loop Engine'!B19 -> 1 | C11: % | D11: From DNA Engine | F11: Self-Awareness % | G11: =IF($B$15<10,15,IF($B$15>=18,90,ROUND(15+($B$15-10)/8*75,0))) -> 15 | H11: =IF(G11<30,"⏳ Emerging",IF(G11<60,"🔄 Growing",IF(G11<80,"🟡 Deepening","✅ Strong"))) -> ⏳ Emerging
A12: Emotional Variance | B12: =IF($B$15<10,0.1,IF($B$15<13,0.3,IF($B$15<16,0.5,IF($B$15<18,0.3,0.1)))) -> 0.1 | C12: factor | D12: Peaks mid-teens | F12: Impulse Control % | G12: =IF($B$15<10,20,IF($B$15>=18,80,ROUND(20+($B$15-10)/8*60,0))) -> 20 | H12: =IF(G12<40,"🔴 Weak",IF(G12<60,"🟠 Developing",IF(G12<80,"🟡 Improving","✅ Strong"))) -> 🔴 Weak
A13: Experience Gain | B13: =MIN(1,B6/520) -> 0.019230769 | C13: factor | D13: Accumulated experience | F13: Moral Reasoning % | G13: =IF($B$15<10,10,IF($B$15>=18,85,ROUND(10+($B$15-10)/8*75,0))) -> 10 | H13: =IF(G13<30,"⏳ Pre-Conventional",IF(G13<60,"🔄 Conventional",IF(G13<80,"🟡 Post-Conventional","✅ Principled"))) -> ⏳ Pre-Conventional
A14: Identity Factor | B14: =IF($B$15<10,0,IF($B$15<18,($B$15-10)/8,1)) -> 0 | C14: factor | D14: Self-concept strength | F14: Overall Maturity % | G14: =ROUND(AVERAGE(G5:G13),0) -> 12 | H14: =IF(G14<30,"🧒 Child-like",IF(G14<50,"🧑 Pre-Teen",IF(G14<70,"🧑‍🦱 Adolescent",IF(G14<85,"🧑‍🎓 Young Adult","✅ Adult")))) -> 🧒 Child-like
A15: Age (Numeric) | B15: =IF(B6<=0,0,B6/52) -> 0.19230769 | C15: years | D15: For formula calculations
A16: 📋 ADOLESCENT DEVELOPMENT MATRIX
A17: Name | B17: Subsystem | C17: Activation Week | D17: Full Maturity Week | E17: Function | F17: Input Source | G17: Output Target | H17: Learning Type | I17: Domain | J17: Current Week | K17: Status | L17: Maturity %
A18: Prefrontal Cortex | B18: Cognitive | C18: 70 | D18: 90 | E18: Abstract Reasoning | F18: Experience Feedback | G18: Cerebrum | H18: Conceptual Learning | I18: Cognition | J18: =$B$5 -> 50 | K18: =IF(J18<C18,"⏳ Dormant",IF(J18>=D18,"✅ Mature","🔄 Developing")) -> ⏳ Dormant | L18: =IF(J18<C18,0,IF(J18>=D18,100,ROUND((J18-C18)/(D18-C18)*100,0)))&"%" -> 0%
A19: Hippocampus | B19: Cognitive | C19: 60 | D19: 85 | E19: Memory Consolidation | F19: Sensory Feedback | G19: Prefrontal Cortex | H19: Declarative Learning | I19: Cognition | J19: =$B$5 -> 50 | K19: =IF(J19<C19,"⏳ Dormant",IF(J19>=D19,"✅ Mature","🔄 Developing")) -> ⏳ Dormant | L19: =IF(J19<C19,0,IF(J19>=D19,100,ROUND((J19-C19)/(D19-C19)*100,0)))&"%" -> 0%
A20: Amygdala | B20: Cognitive | C20: 60 | D20: 85 | E20: Emotion Regulation | F20: Neurochemical Feedback | G20: Limbic System | H20: Associative Learning | I20: Cognition | J20: =$B$5 -> 50 | K20: =IF(J20<C20,"⏳ Dormant",IF(J20>=D20,"✅ Mature","🔄 Developing")) -> ⏳ Dormant | L20: =IF(J20<C20,0,IF(J20>=D20,100,ROUND((J20-C20)/(D20-C20)*100,0)))&"%" -> 0%
A21: Limbic System | B21: Cognitive | C21: 70 | D21: 90 | E21: Social Emotion Integration | F21: Neurochemical Feedback | G21: Prefrontal Cortex | H21: Associative Learning | I21: Cognition | J21: =$B$5 -> 50 | K21: =IF(J21<C21,"⏳ Dormant",IF(J21>=D21,"✅ Mature","🔄 Developing")) -> ⏳ Dormant | L21: =IF(J21<C21,0,IF(J21>=D21,100,ROUND((J21-C21)/(D21-C21)*100,0)))&"%" -> 0%
A22: Broca's Area | B22: Language | C22: 60 | D22: 80 | E22: Complex Speech Production | F22: Auditory Feedback | G22: Motor Cortex | H22: Symbolic Learning | I22: Communication | J22: =$B$5 -> 50 | K22: =IF(J22<C22,"⏳ Dormant",IF(J22>=D22,"✅ Mature","🔄 Developing")) -> ⏳ Dormant | L22: =IF(J22<C22,0,IF(J22>=D22,100,ROUND((J22-C22)/(D22-C22)*100,0)))&"%" -> 0%
A23: Wernicke's Area | B23: Language | C23: 60 | D23: 80 | E23: Semantic Comprehension | F23: Auditory Feedback | G23: Cerebrum | H23: Semantic Learning | I23: Communication | J23: =$B$5 -> 50 | K23: =IF(J23<C23,"⏳ Dormant",IF(J23>=D23,"✅ Mature","🔄 Developing")) -> ⏳ Dormant | L23: =IF(J23<C23,0,IF(J23>=D23,100,ROUND((J23-C23)/(D23-C23)*100,0)))&"%" -> 0%
A24: Cerebellum | B24: Motor | C24: 60 | D24: 85 | E24: Fine Motor Coordination | F24: Joint Receptors | G24: Motor Cortex | H24: Adaptive Learning | I24: Embodiment | J24: =$B$5 -> 50 | K24: =IF(J24<C24,"⏳ Dormant",IF(J24>=D24,"✅ Mature","🔄 Developing")) -> ⏳ Dormant | L24: =IF(J24<C24,0,IF(J24>=D24,100,ROUND((J24-C24)/(D24-C24)*100,0)))&"%" -> 0%
A25: Motor Cortex | B25: Motor | C25: 60 | D25: 85 | E25: Controlled Motion | F25: Proprioceptors | G25: Musculoskeletal System | H25: Motor Learning | I25: Embodiment | J25: =$B$5 -> 50 | K25: =IF(J25<C25,"⏳ Dormant",IF(J25>=D25,"✅ Mature","🔄 Developing")) -> ⏳ Dormant | L25: =IF(J25<C25,0,IF(J25>=D25,100,ROUND((J25-C25)/(D25-C25)*100,0)))&"%" -> 0%
A26: Endocrine System | B26: Metabolic | C26: 60 | D26: 90 | E26: Hormonal Regulation | F26: Internal Sensors | G26: Neural System | H26: Homeostatic Learning | I26: Embodiment | J26: =$B$5 -> 50 | K26: =IF(J26<C26,"⏳ Dormant",IF(J26>=D26,"✅ Mature","🔄 Developing")) -> ⏳ Dormant | L26: =IF(J26<C26,0,IF(J26>=D26,100,ROUND((J26-C26)/(D26-C26)*100,0)))&"%" -> 0%
A27: Cerebrum | B27: Cognitive | C27: 70 | D27: 90 | E27: Identity Formation | F27: Multisensory Feedback | G27: Prefrontal Cortex | H27: Reflective Learning | I27: Cognition | J27: =$B$5 -> 50 | K27: =IF(J27<C27,"⏳ Dormant",IF(J27>=D27,"✅ Mature","🔄 Developing")) -> ⏳ Dormant | L27: =IF(J27<C27,0,IF(J27>=D27,100,ROUND((J27-C27)/(D27-C27)*100,0)))&"%" -> 0%
A29: 🌱 PUBERTY & GROWTH MILESTONES | H29: 🪞 IDENTITY FORMATION STAGES (Erikson/Marcia)
A30: Age (Years) | B30: Milestone | C30: Description | D30: Target Week | E30: Current Week | F30: Status | H30: Stage | I30: Age Range | J30: Description | K30: Status | L30: Progress
A31: 10 | B31: Growth Spurt Begins | C31: Accelerated height increase | D31: =40+(10*52) -> 560 | E31: =$B$5 -> 50 | F31: =IF(E31>=D31,"✅ Achieved","⏳ Upcoming") -> ⏳ Upcoming | H31: Identity Diffusion | I31: 46307 | J31: No clear identity, exploring | K31: =IF($B$15<10,"⏳ Future",IF($B$15<12,"🔄 Active","✅ Complete")) -> ⏳ Future | L31: =IF($B$15<10,0,IF($B$15>=12,100,ROUND(($B$15-10)/2*100,0)))&"%" -> 0%
A32: 11 | B32: Body Composition Changes | C32: Fat/muscle redistribution | D32: =40+(11*52) -> 612 | E32: =$B$5 -> 50 | F32: =IF(E32>=D32,"✅ Achieved","⏳ Upcoming") -> ⏳ Upcoming | H32: Identity Foreclosure | I32: 46370 | J32: Adopting others' values | K32: =IF($B$15<12,"⏳ Future",IF($B$15<14,"🔄 Active","✅ Complete")) -> ⏳ Future | L32: =IF($B$15<12,0,IF($B$15>=14,100,ROUND(($B$15-12)/2*100,0)))&"%" -> 0%
A33: 12 | B33: Secondary Sex Characteristics | C33: Physical maturation begins | D33: =40+(12*52) -> 664 | E33: =$B$5 -> 50 | F33: =IF(E33>=D33,"✅ Achieved","⏳ Upcoming") -> ⏳ Upcoming | H33: Identity Moratorium | I33: 14-16 | J33: Active exploration, crisis | K33: =IF($B$15<14,"⏳ Future",IF($B$15<16,"🔄 Active","✅ Complete")) -> ⏳ Future | L33: =IF($B$15<14,0,IF($B$15>=16,100,ROUND(($B$15-14)/2*100,0)))&"%" -> 0%
A34: 13 | B34: Voice Changes | C34: Vocal cord development | D34: =40+(13*52) -> 716 | E34: =$B$5 -> 50 | F34: =IF(E34>=D34,"✅ Achieved","⏳ Upcoming") -> ⏳ Upcoming | H34: Identity Achievement | I34: 16-18 | J34: Committed to chosen identity | K34: =IF($B$15<16,"⏳ Future",IF($B$15<18,"🔄 Active","✅ Complete")) -> ⏳ Future | L34: =IF($B$15<16,0,IF($B$15>=18,100,ROUND(($B$15-16)/2*100,0)))&"%" -> 0%
A35: 14 | B35: Peak Growth Velocity | C35: Maximum height growth rate | D35: =40+(14*52) -> 768 | E35: =$B$5 -> 50 | F35: =IF(E35>=D35,"✅ Achieved","⏳ Upcoming") -> ⏳ Upcoming | H35: Identity Integration | I35: 18+ | J35: Stable, integrated self | K35: =IF($B$15<18,"⏳ Future","🔄 Active") -> ⏳ Future | L35: =IF($B$15<18,0,MIN(100,ROUND(($B$15-18)/3*100,0)))&"%" -> 0%
A36: 15 | B36: Emotional Intensity Peak | C36: Highest emotional variance | D36: =40+(15*52) -> 820 | E36: =$B$5 -> 50 | F36: =IF(E36>=D36,"✅ Achieved","⏳ Upcoming") -> ⏳ Upcoming
A37: 16 | B37: Abstract Thinking Emerges | C37: Hypothetical reasoning | D37: =40+(16*52) -> 872 | E37: =$B$5 -> 50 | F37: =IF(E37>=D37,"✅ Achieved","⏳ Upcoming") -> ⏳ Upcoming
A38: 17 | B38: Identity Consolidation | C38: Self-concept stabilizes | D38: =40+(17*52) -> 924 | E38: =$B$5 -> 50 | F38: =IF(E38>=D38,"✅ Achieved","⏳ Upcoming") -> ⏳ Upcoming
A39: 18 | B39: Prefrontal Maturation | C39: Executive function online | D39: =40+(18*52) -> 976 | E39: =$B$5 -> 50 | F39: =IF(E39>=D39,"✅ Achieved","⏳ Upcoming") -> ⏳ Upcoming
A40: 21 | B40: Brain Fully Mature | C40: Neural pruning complete | D40: =40+(21*52) -> 1132 | E40: =$B$5 -> 50 | F40: =IF(E40>=D40,"✅ Achieved","⏳ Upcoming") -> ⏳ Upcoming
A42: 🔗 ADOLESCENT NEURAL PATHWAY MATURATION | H42: 🧠 BRAIN DEVELOPMENT METRICS
A43: Pathway | B43: Source | C43: Target | D43: Maturation Age | E43: Current Age | F43: Status | H43: Metric | I43: Child (10) | J43: Adolescent | K43: Adult (25) | L43: Current %
A44: Prefrontal-Limbic | B44: Prefrontal Cortex | C44: Limbic System | D44: 18 | E44: =$B$15 -> 0.19230769 | F44: =IF($B$15<12,"⏳ Dormant",IF($B$15>=18,"✅ Mature","🔄 Developing")) -> ⏳ Dormant | H44: Gray Matter Volume | I44: 0.95 | J44: =IF($B$15<10,"95%",IF($B$15>25,"100%",ROUND(95+($B$15-10)/15*5,0)&"%")) -> 95% | K44: 1 | L44: =J44 -> 95%
A45: Executive Control | B45: Prefrontal Cortex | C45: Motor Cortex | D45: 21 | E45: =$B$15 -> 0.19230769 | F45: =IF($B$15<12,"⏳ Dormant",IF($B$15>=21,"✅ Mature","🔄 Developing")) -> ⏳ Dormant | H45: White Matter Volume | I45: 0.8 | J45: =IF($B$15<10,"80%",IF($B$15>25,"100%",ROUND(80+($B$15-10)/15*20,0)&"%")) -> 80% | K45: 1 | L45: =J45 -> 80%
A46: Emotional Regulation | B46: Amygdala | C46: Prefrontal Cortex | D46: 18 | E46: =$B$15 -> 0.19230769 | F46: =IF($B$15<12,"⏳ Dormant",IF($B$15>=18,"✅ Mature","🔄 Developing")) -> ⏳ Dormant | H46: Synaptic Pruning | I46: 0.2 | J46: =IF($B$15<10,"20%",IF($B$15>25,"100%",ROUND(20+($B$15-10)/15*80,0)&"%")) -> 20% | K46: 1 | L46: =J46 -> 20%
A47: Memory Integration | B47: Hippocampus | C47: Cerebrum | D47: 16 | E47: =$B$15 -> 0.19230769 | F47: =IF($B$15<12,"⏳ Dormant",IF($B$15>=16,"✅ Mature","🔄 Developing")) -> ⏳ Dormant | H47: Myelination | I47: 0.7 | J47: =IF($B$15<10,"70%",IF($B$15>25,"100%",ROUND(70+($B$15-10)/15*30,0)&"%")) -> 70% | K47: 1 | L47: =J47 -> 70%
A48: Social Cognition | B48: Limbic System | C48: Prefrontal Cortex | D48: 18 | E48: =$B$15 -> 0.19230769 | F48: =IF($B$15<12,"⏳ Dormant",IF($B$15>=18,"✅ Mature","🔄 Developing")) -> ⏳ Dormant | H48: Prefrontal Connectivity | I48: 0.4 | J48: =IF($B$15<10,"40%",IF($B$15>25,"100%",ROUND(40+($B$15-10)/15*60,0)&"%")) -> 40% | K48: 1 | L48: =J48 -> 40%
A49: Abstract Reasoning | B49: Cerebrum | C49: Prefrontal Cortex | D49: 21 | E49: =$B$15 -> 0.19230769 | F49: =IF($B$15<14,"⏳ Dormant",IF($B$15>=21,"✅ Mature","🔄 Developing")) -> ⏳ Dormant | H49: Reward System Balance | I49: 0.5 | J49: =IF($B$15<10,"50%",IF($B$15>25,"100%",ROUND(50+($B$15-10)/15*50,0)&"%")) -> 50% | K49: 1 | L49: =J49 -> 50%
A50: Risk Evaluation | B50: Prefrontal Cortex | C50: Limbic System | D50: 21 | E50: =$B$15 -> 0.19230769 | F50: =IF($B$15<14,"⏳ Dormant",IF($B$15>=21,"✅ Mature","🔄 Developing")) -> ⏳ Dormant
A51: Identity Integration | B51: Cerebrum | C51: All Cortices | D51: 21 | E51: =$B$15 -> 0.19230769 | F51: =IF($B$15<16,"⏳ Dormant",IF($B$15>=21,"✅ Mature","🔄 Developing")) -> ⏳ Dormant
A53: 📊 ADOLESCENT DEVELOPMENT SUMMARY | D53: 🔗 SYSTEM CONNECTIONS
A54: Metric | B54: Value | D54: Linked System | E54: Reference | F54: Purpose | G54: Status
A55: Total Matrix Components | B55: 10 | D55: DNA Loop Engine | E55: Week Sync | F55: Timeline driver | G55: 🟢 Connected
A56: Cognitive Subsystem | B56: 5 | D56: Cognition & Language | E56: Cognitive Base | F56: Foundation metrics | G56: 🟢 Connected
A57: Language Subsystem | B57: 2 | D57: Child Development | E57: Child Metrics | F57: Development history | G57: 🟢 Connected
A58: Motor Subsystem | B58: 2 | D58: Child Anatomy Engine | E58: Brain Size | F58: Physical growth | G58: 🟢 Connected
A59: Metabolic Subsystem | B59: 1 | D59: Sensory Integration | E59: Sensory Feedback | F59: Perception input | G59: 🟢 Connected
A60: Puberty Milestones Achieved | B60: =COUNTIF(F31:F40,"✅ Achieved")&" of 10" -> 0 of 10 | D60: Neural Control | E60: Neural Gain | F60: Processing power | G60: 🟢 Connected
A61: Identity Stages Completed | B61: =COUNTIF(K31:K35,"✅ Complete")&" of 5" -> 0 of 5 | D61: Circulatory System | E61: Blood Flow | F61: Nutrient delivery | G61: 🟢 Connected
A62: Neural Pathways Mature | B62: =COUNTIF(F44:F51,"✅ Mature")&" of 8" -> 0 of 8 | D62: Respiratory Control | E62: O₂ Supply | F62: Metabolic support | G62: 🟢 Connected
A63: Overall Adolescent Progress | B63: =IF($B$15<10,"🧒 Pre-Adolescent",IF($B$15<13,ROUND(($B$15-10)/8*100,0)&"% — 🧑 Pre-Teen",IF($B$15<18,ROUND(($B$15-10)/8*100,0)&"% — 🧑‍🦱 Adolescent","100% — ✅ Complete"))) -> 🧒 Pre-Adolescent
A65: ⚙️ ADOLESCENT INTEGRATION FORMULAS
A66: Formula Name | B66: Expression | C66: Current Value | D66: Description
A67: Abstract Reasoning | B67: =ROUND($B$11*$B$13*100,2)&"%" -> 1.92% | C67: =C67 -> 0 | D67: Higher cognition emergence
A68: Identity Formation | B68: =ROUND($B$13*$B$14*100,2)&"%" -> 0% | C68: =C68 -> 0 | D68: Self-concept development
A69: Expression Capacity | B69: =ROUND(AVERAGE($L$22:$L$23)*$B$11/100,2)&"%" -> #DIV/0! | C69: =C69 -> 0 | D69: Communication sophistication
A70: Emotional Balance | B70: =ROUND((1-$B$12)*100,0)&"%" -> 90% | C70: =C70 -> 0 | D70: Stability vs instability
A71: Risk-Reward Ratio | B71: =ROUND($G$10/$G$12,2) -> 0.25 | C71: =C71 -> 0 | D71: Decision quality factor
A72: Maturity Index | B72: =ROUND($G$14,0)&"%" -> 12% | C72: =C72 -> 0 | D72: Overall development score

Sheet Adult Cognition
A1: 🧠 A7DO ADULT COGNITION ENGINE — WISDOM & CREATIVE SYNTHESIS
A3: ⚙️ CONTROL PANEL | F3: 🎯 ADULT COGNITIVE METRICS
A4: Parameter | B4: ='DNA Loop Engine'!B5 -> 50 | C4: Unit | D4: Notes | F4: Metric | G4: Value | H4: Status
A5: Current Week | B5: ='DNA Loop Engine'!B5 -> 50 | C5: weeks | D5: From DNA Engine | F5: Strategic Reasoning % | G5: =IF($B$8<18,0,MIN(100,ROUND(($B$8-18)/12*100,0))) -> 0 | H5: =IF(G5<25,"⏳ Developing",IF(G5<50,"🔄 Emerging",IF(G5<75,"🟢 Active","✅ Mature"))) -> ⏳ Developing
A6: Post-Birth Weeks | B6: =MAX(0, B5-40) -> 10 | C6: weeks | D6: Development time | F6: Emotional Intelligence % | G6: =IF($B$8<18,20,MIN(100,20+ROUND(($B$8-18)/22*80,0))) -> 20 | H6: =IF(G6<25,"🔴 Reactive",IF(G6<50,"🟠 Developing",IF(G6<75,"🟢 Balanced","✅ Wise"))) -> 🔴 Reactive
A7: Age in Years | B7: =IF(B5<40,"Pre-Birth",ROUND((B5-40)/52,1)) -> 0.2 | C7: years | D7: Adult age | F7: Long-Term Memory % | G7: =IF($B$8<10,10,MIN(100,10+ROUND(($B$8-10)/30*90,0))) -> 10 | H7: =IF(G7<25,"⏳ Forming",IF(G7<50,"🔄 Building",IF(G7<75,"🟢 Strong","✅ Deep"))) -> ⏳ Forming
A8: Age (Numeric) | B8: =MAX(0,(B5-40)/52) -> 0.19230769 | C8: years | D8: For formulas | F8: Creative Synthesis % | G8: =IF($B$8<20,0,MIN(100,ROUND(($B$8-20)/20*100,0))) -> 0 | H8: =IF(G8<25,"⏳ Dormant",IF(G8<50,"🔄 Emerging",IF(G8<75,"🟢 Active","✅ Flourishing"))) -> ⏳ Dormant
A9: Development Phase | B9: =IF(B8<18,"🧒 Child/Adolescent",IF(B8<25,"🧑 Young Adult",IF(B8<40,"👨 Prime Adult",IF(B8<60,"🧔 Middle Adult","👴 Senior")))) -> 🧒 Child/Adolescent | D9: Auto-detected | F9: Meta-Cognition % | G9: =IF($B$8<25,0,MIN(100,ROUND(($B$8-25)/15*100,0))) -> 0 | H9: =IF(G9<25,"⏳ Absent",IF(G9<50,"🔄 Emerging",IF(G9<75,"🟢 Reflective","✅ Self-Aware"))) -> ⏳ Absent
A10: Neural Gain | B10: ='DNA Loop Engine'!B19 -> 1 | C10: % | D10: From DNA Engine | F10: Wisdom Index % | G10: =IF($B$8<30,0,MIN(100,ROUND(($B$8-30)/30*100,0))) -> 0 | H10: =IF(G10<25,"⏳ None",IF(G10<50,"🔄 Building",IF(G10<75,"🟢 Developing","✅ Sage"))) -> ⏳ None
A11: Experience Gain | B11: =MIN(1,B8/30) -> 0.0064102564 | C11: factor | D11: Accumulated wisdom | F11: Executive Function % | G11: =IF($B$8<21,MIN(80,$B$8/21*80),MIN(100,80+($B$8-21)/19*20)) -> 0.73260073 | H11: =IF(G11<50,"🔄 Developing",IF(G11<80,"🟢 Functional","✅ Optimal")) -> 🔄 Developing
A12: Emotional Balance | B12: =IF(B8<18,0.3,IF(B8<25,0.6,IF(B8<40,0.85,IF(B8<60,0.95,0.9)))) -> 0.3 | C12: factor | D12: Stability factor | F12: Social Intelligence % | G12: =IF($B$8<15,30,MIN(100,30+($B$8-15)/25*70)) -> 30 | H12: =IF(G12<50,"🔄 Learning",IF(G12<80,"🟢 Competent","✅ Expert")) -> 🔄 Learning
A13: Memory Depth | B13: =MIN(1,B8/40) -> 0.0048076923 | C13: factor | D13: Long-term storage | F13: Impulse Control % | G13: =IF($B$8<21,MIN(60,$B$8/21*60),MIN(100,60+($B$8-21)/19*40)) -> 0.54945055 | H13: =IF(G13<50,"🔴 Weak",IF(G13<80,"🟢 Stable","✅ Strong")) -> 🔴 Weak
A14: Reasoning Complexity | B14: =IF(B8<18,0.3,IF(B8<25,0.7,IF(B8<40,0.9,1))) -> 0.3 | C14: factor | D14: Analytical depth | F14: Overall Maturity % | G14: =ROUND(AVERAGE(G5:G13),0) -> 7 | H14: =IF(G14<25,"🧒 Immature",IF(G14<50,"🔄 Developing",IF(G14<75,"🟢 Mature","✅ Fully Developed"))) -> 🧒 Immature
A15: Creative Coherence | B15: =B12*B13*B14 -> 0.00043269231 | C15: factor | D15: Synthesis capacity
A17: 📋 ADULT COGNITION MATRIX
A18: Name | B18: Subsystem | C18: Activation Week | D18: Full Maturity Week | E18: Function | F18: Input Source | G18: Output Target | H18: Learning Type | I18: Domain | J18: Current Week | K18: Status | L18: Maturity %
A19: Prefrontal Cortex | B19: Cognitive | C19: 90 | D19: 120 | E19: Strategic Reasoning | F19: Experience Feedback | G19: Cerebrum | H19: Analytical Learning | I19: Cognition | J19: =$B$5 -> 50 | K19: =IF(J19<C19,"⏳ Dormant",IF(J19<D19,"🔄 Maturing","✅ Mature")) -> ⏳ Dormant | L19: =IF(J19<C19,0,MIN(100,ROUND((J19-C19)/(D19-C19)*100,0))) -> 0
A20: Hippocampus | B20: Cognitive | C20: 85 | D20: 110 | E20: Long-Term Memory | F20: Sensory Feedback | G20: Prefrontal Cortex | H20: Declarative Learning | I20: Cognition | J20: =$B$5 -> 50 | K20: =IF(J20<C20,"⏳ Dormant",IF(J20<D20,"🔄 Maturing","✅ Mature")) -> ⏳ Dormant | L20: =IF(J20<C20,0,MIN(100,ROUND((J20-C20)/(D20-C20)*100,0))) -> 0
A21: Amygdala | B21: Cognitive | C21: 85 | D21: 110 | E21: Emotional Intelligence | F21: Neurochemical Feedback | G21: Limbic System | H21: Associative Learning | I21: Cognition | J21: =$B$5 -> 50 | K21: =IF(J21<C21,"⏳ Dormant",IF(J21<D21,"🔄 Maturing","✅ Mature")) -> ⏳ Dormant | L21: =IF(J21<C21,0,MIN(100,ROUND((J21-C21)/(D21-C21)*100,0))) -> 0
A22: Limbic System | B22: Cognitive | C22: 90 | D22: 120 | E22: Empathy & Social Awareness | F22: Neurochemical Feedback | G22: Prefrontal Cortex | H22: Associative Learning | I22: Cognition | J22: =$B$5 -> 50 | K22: =IF(J22<C22,"⏳ Dormant",IF(J22<D22,"🔄 Maturing","✅ Mature")) -> ⏳ Dormant | L22: =IF(J22<C22,0,MIN(100,ROUND((J22-C22)/(D22-C22)*100,0))) -> 0
A23: Broca's Area | B23: Language | C23: 80 | D23: 100 | E23: Complex Expression | F23: Auditory Feedback | G23: Motor Cortex | H23: Symbolic Learning | I23: Communication | J23: =$B$5 -> 50 | K23: =IF(J23<C23,"⏳ Dormant",IF(J23<D23,"🔄 Maturing","✅ Mature")) -> ⏳ Dormant | L23: =IF(J23<C23,0,MIN(100,ROUND((J23-C23)/(D23-C23)*100,0))) -> 0
A24: Wernicke's Area | B24: Language | C24: 80 | D24: 100 | E24: Semantic Abstraction | F24: Auditory Feedback | G24: Cerebrum | H24: Conceptual Learning | I24: Communication | J24: =$B$5 -> 50 | K24: =IF(J24<C24,"⏳ Dormant",IF(J24<D24,"🔄 Maturing","✅ Mature")) -> ⏳ Dormant | L24: =IF(J24<C24,0,MIN(100,ROUND((J24-C24)/(D24-C24)*100,0))) -> 0
A25: Cerebellum | B25: Motor | C25: 85 | D25: 110 | E25: Precision Coordination | F25: Joint Receptors | G25: Motor Cortex | H25: Adaptive Learning | I25: Embodiment | J25: =$B$5 -> 50 | K25: =IF(J25<C25,"⏳ Dormant",IF(J25<D25,"🔄 Maturing","✅ Mature")) -> ⏳ Dormant | L25: =IF(J25<C25,0,MIN(100,ROUND((J25-C25)/(D25-C25)*100,0))) -> 0
A26: Motor Cortex | B26: Motor | C26: 85 | D26: 110 | E26: Intentional Motion | F26: Proprioceptors | G26: Musculoskeletal System | H26: Motor Learning | I26: Embodiment | J26: =$B$5 -> 50 | K26: =IF(J26<C26,"⏳ Dormant",IF(J26<D26,"🔄 Maturing","✅ Mature")) -> ⏳ Dormant | L26: =IF(J26<C26,0,MIN(100,ROUND((J26-C26)/(D26-C26)*100,0))) -> 0
A27: Endocrine System | B27: Metabolic | C27: 90 | D27: 120 | E27: Homeostatic Regulation | F27: Internal Sensors | G27: Neural System | H27: Homeostatic Learning | I27: Embodiment | J27: =$B$5 -> 50 | K27: =IF(J27<C27,"⏳ Dormant",IF(J27<D27,"🔄 Maturing","✅ Mature")) -> ⏳ Dormant | L27: =IF(J27<C27,0,MIN(100,ROUND((J27-C27)/(D27-C27)*100,0))) -> 0
A28: Cerebrum | B28: Cognitive | C28: 90 | D28: 120 | E28: Creative Synthesis | F28: Multisensory Feedback | G28: Prefrontal Cortex | H28: Reflective Learning | I28: Cognition | J28: =$B$5 -> 50 | K28: =IF(J28<C28,"⏳ Dormant",IF(J28<D28,"🔄 Maturing","✅ Mature")) -> ⏳ Dormant | L28: =IF(J28<C28,0,MIN(100,ROUND((J28-C28)/(D28-C28)*100,0))) -> 0
A30: 🌱 ADULT LIFE STAGE MILESTONES | H30: 🧠 WISDOM & CREATIVITY DASHBOARD
A31: Age (Years) | B31: Life Stage | C31: Milestone | D31: Target Week | E31: Current Week | F31: Status | H31: Metric | I31: Formula | J31: Value | K31: Description
A32: 18 | B32: Young Adult | C32: Legal Adulthood | D32: =40+(18*52) -> 976 | E32: =$B$5 -> 50 | F32: =IF(E32>=D32,"✅ Achieved","⏳ Upcoming") -> ⏳ Upcoming | H32: Creativity Index | I32: Cognition + Experience + Emotion | J32: =ROUND(($B$11*$B$12+$B$15)*100,0)&"%" -> 0% | K32: Synthesis capacity
A33: 21 | B33: Young Adult | C33: Brain Fully Mature | D33: =40+(21*52) -> 1132 | E33: =$B$5 -> 50 | F33: =IF(E33>=D33,"✅ Achieved","⏳ Upcoming") -> ⏳ Upcoming | H33: Insight Factor | I33: Memory × Reasoning | J33: =ROUND($B$13*$B$14*100,0)&"%" -> 0% | K33: Analytical depth
A34: 25 | B34: Prime Adult | C34: Peak Physical Condition | D34: =40+(25*52) -> 1340 | E34: =$B$5 -> 50 | F34: =IF(E34>=D34,"✅ Achieved","⏳ Upcoming") -> ⏳ Upcoming | H34: Expression Capacity | I34: Language × Coherence | J34: =ROUND((AVERAGE($L$23:$L$24)/100)*$B$15*100,0)&"%" -> 0% | K34: Communication sophistication
A35: 30 | B35: Prime Adult | C35: Experience Integration | D35: =40+(30*52) -> 1600 | E35: =$B$5 -> 50 | F35: =IF(E35>=D35,"✅ Achieved","⏳ Upcoming") -> ⏳ Upcoming | H35: Emotional Wisdom | I35: Balance × Experience | J35: =ROUND($B$12*$B$11*100,0)&"%" -> 0% | K35: Integrated feeling-thinking
A36: 35 | B36: Prime Adult | C36: Career Mastery | D36: =40+(35*52) -> 1860 | E36: =$B$5 -> 50 | F36: =IF(E36>=D36,"✅ Achieved","⏳ Upcoming") -> ⏳ Upcoming | H36: Self-Reflection | I36: Meta-Cog × Memory | J36: =ROUND(($G$9/100)*$B$13*100,0)&"%" -> 0% | K36: Self-awareness depth
A37: 40 | B37: Middle Adult | C37: Wisdom Emergence | D37: =40+(40*52) -> 2120 | E37: =$B$5 -> 50 | F37: =IF(E37>=D37,"✅ Achieved","⏳ Upcoming") -> ⏳ Upcoming | H37: Decision Quality | I37: Exec + Impulse + Reason | J37: =ROUND((($G$11+$G$13)/200)*$B$14*100,0)&"%" -> 0% | K37: Choice optimization
A38: 50 | B38: Middle Adult | C38: Meta-Cognitive Peak | D38: =40+(50*52) -> 2640 | E38: =$B$5 -> 50 | F38: =IF(E38>=D38,"✅ Achieved","⏳ Upcoming") -> ⏳ Upcoming | H38: Life Integration | I38: All Factors Combined | J38: =ROUND($G$14*$B$11*$B$12,0)&"%" -> 0% | K38: Overall life synthesis
A39: 60 | B39: Senior | C39: Accumulated Wisdom | D39: =40+(60*52) -> 3160 | E39: =$B$5 -> 50 | F39: =IF(E39>=D39,"✅ Achieved","⏳ Upcoming") -> ⏳ Upcoming
A40: 70 | B40: Senior | C40: Legacy Phase | D40: =40+(70*52) -> 3680 | E40: =$B$5 -> 50 | F40: =IF(E40>=D40,"✅ Achieved","⏳ Upcoming") -> ⏳ Upcoming
A41: 80 | B41: Elder | C41: Elder Wisdom | D41: =40+(80*52) -> 4200 | E41: =$B$5 -> 50 | F41: =IF(E41>=D41,"✅ Achieved","⏳ Upcoming") -> ⏳ Upcoming
A43: 🔗 SYSTEM CONNECTIONS | F43: 📊 SUMMARY
A44: Linked System | B44: Reference | C44: Purpose | D44: Status | F44: Total Matrix Components | G44: =COUNTA(A19:A28) -> 10
A45: DNA Loop Engine | B45: Week Sync | C45: Timeline driver | D45: 🟢 Connected | F45: Cognitive Subsystem | G45: =COUNTIF(B19:B28,"Cognitive") -> 5
A46: Adolescent Development | B46: Transition Base | C46: Previous phase | D46: 🟢 Connected | F46: Language Subsystem | G46: =COUNTIF(B19:B28,"Language") -> 2
A47: Cognition & Language | B47: Foundation | C47: Cognitive roots | D47: 🟢 Connected | F47: Motor Subsystem | G47: =COUNTIF(B19:B28,"Motor") -> 2
A48: Sensory Integration | B48: Perception | C48: Input processing | D48: 🟢 Connected | F48: Metabolic Subsystem | G48: =COUNTIF(B19:B28,"Metabolic") -> 1
A49: Neural Control | B49: Neural Gain | C49: Processing power | D49: 🟢 Connected | F49: Milestones Achieved | G49: =COUNTIF(F32:F41,"✅ Achieved")&" of 10" -> 0 of 10
A50: Adult Anatomy Engine | B50: Physical Base | C50: Body reference | D50: 🟢 Connected | F50: Systems Mature | G50: =COUNTIF(K19:K28,"✅ Mature")&" of 10" -> 0 of 10

Sheet World Matrix System
A1: 🌍 A7DO WORLD MATRIX SYSTEM — ENVIRONMENTAL SIMULATION
A3: 🧭 GLOBAL ORIGIN (POINT 0) | F3: 📐 COORDINATE AXES
A4: Parameter | B4: Value | C4: Unit | D4: Description | F4: Axis | G4: {=+Direction} -> #NAME? | H4: {=-Direction} -> #NAME? | I4: Range
A5: X₀ (Longitude) | B5: 0 | C5: degrees | D5: East-West axis origin | F5: X | G5: East → | H5: ← West | I5: -180° to +180°
A6: Y₀ (Latitude) | B6: 0 | C6: degrees | D6: North-South axis origin | F6: Y | G6: North ↑ | H6: ↓ South | I6: -90° to +90°
A7: Z₀ (Altitude) | B7: 0 | C7: meters | D7: Vertical axis origin (sea level) | F7: Z | G7: Up (Sky) ↑ | H7: ↓ Down (Core) | I7: -6371km to +∞
A8: Reference Point | B8: Earth Core Centre | D8: Planetary mass centre
A9: Coordinate System | B9: Cartesian (X,Y,Z) | D9: Right-hand rule
A10: Scale Factor | B10: 1 | C10: m/unit | D10: Simulation scale
A12: 🌐 WORLD MATRIX LAYERS
A13: Name | B13: Layer | C13: Type | D13: Parent | E13: Origin | F13: Local X | G13: Local Y | H13: Local Z | I13: Domain | J13: Physics Type | K13: Material | L13: Radius/Thickness | M13: Notes
A14: Point 0 | B14: Core | C14: Reference | D14: None | E14: (0,0,0) | F14: 0 | G14: 0 | H14: 0 | I14: World | J14: Anchor | K14: Null | L14: 0 | M14: Global Origin Centre
A15: Earth Core | B15: Core | C15: Sphere | D15: Point 0 | E15: (0,0,0) | F15: 0 | G15: 0 | H15: 0 | I15: World | J15: Gravitational | K15: Iron-Nickel | L15: 1220 km | M15: Inner planetary mass
A16: Outer Core | B16: Core | C16: Spherical Shell | D16: Earth Core | E16: (0,0,0) | F16: 0 | G16: 0 | H16: 0 | I16: World | J16: Liquid Metal | K16: Iron-Nickel | L16: 2180 km | M16: Magnetic field generator
A17: Mantle | B17: Layer | C17: Spherical Shell | D17: Outer Core | E17: (0,0,0) | F17: 0 | G17: 0 | H17: 0 | I17: World | J17: Thermal Convection | K17: Silicate | L17: 2900 km | M17: Heat transfer zone
A18: Crust | B18: Layer | C18: Spherical Shell | D18: Mantle | E18: (0,0,0) | F18: 0 | G18: 0 | H18: 0 | I18: World | J18: Elastic Solid | K18: Rock | L18: 5-70 km | M18: Surface foundation
A19: Land Mass | B19: Surface | C19: Mesh | D19: Crust | E19: (x,y,z) | F19: Variable | G19: Variable | H19: Variable | I19: World | J19: Collision Solid | K19: Soil/Rock | L19: Variable | M19: Supports organisms
A20: Sea Mass | B20: Surface | C20: Fluid | D20: Crust | E20: (x,y,z) | F20: Variable | G20: Variable | H20: Variable | I20: World | J20: Hydrodynamic | K20: Water | L20: Avg 3.7 km | M20: Fluid dynamics layer
A21: Troposphere | B21: Atmosphere | C21: Gas Shell | D21: Crust | E21: (0,0,0) | F21: 0 | G21: 0 | H21: 0 | I21: World | J21: Fluid Gas | K21: Air (N₂,O₂) | L21: 0-12 km | M21: Weather layer
A22: Stratosphere | B22: Atmosphere | C22: Gas Shell | D22: Troposphere | E22: (0,0,0) | F22: 0 | G22: 0 | H22: 0 | I22: World | J22: Fluid Gas | K22: Ozone Layer | L22: 12-50 km | M22: UV protection
A23: Mesosphere | B23: Atmosphere | C23: Gas Shell | D23: Stratosphere | E23: (0,0,0) | F23: 0 | G23: 0 | H23: 0 | I23: World | J23: Fluid Gas | K23: Rarefied Air | L23: 50-80 km | M23: Meteor burn-up zone
A24: Thermosphere | B24: Atmosphere | C24: Gas Shell | D24: Mesosphere | E24: (0,0,0) | F24: 0 | G24: 0 | H24: 0 | I24: World | J24: Ionized Gas | K24: Ions | L24: 80-700 km | M24: Aurora zone
A25: Exosphere | B25: Atmosphere | C25: Gas Shell | D25: Thermosphere | E25: (0,0,0) | F25: 0 | G25: 0 | H25: 0 | I25: World | J25: Near Vacuum | K25: Hydrogen/Helium | L25: 700-10000 km | M25: Space transition
A26: Magnetosphere | B26: Field | C26: Field | D26: Earth Core | E26: (0,0,0) | F26: 0 | G26: 0 | H26: 0 | I26: World | J26: Electromagnetic | K26: Plasma | L26: ~65000 km | M26: Protective field
A27: Solar Input | B27: External | C27: Energy | D27: Point 0 | E27: (∞,∞,∞) | F27: Variable | G27: Variable | H27: Variable | I27: World | J27: Radiative | K27: Photon | L27: 1361 W/m² | M27: External energy source
A28: Gravity Field | B28: Global | C28: Force | D28: Earth Core | E28: (0,0,0) | F28: 0 | G28: 0 | H28: 0 | I28: World | J28: Gravitational | K28: Field | L28: 9.81 m/s² | M28: Acts on all mass
A30: ⚡ PHYSICS CONSTANTS & FORMULAS | G30: 📐 PHYSICS EQUATIONS
A31: Constant/Formula | B31: Symbol | C31: Value | D31: Unit | E31: Application | G31: Equation | H31: Formula | I31: Description
A32: Gravitational Constant | B32: G | C32: 6.674e-11 | D32: m³/(kg·s²) | E32: Gravity calculations | G32: Gravity Force | H32: F = G × (m₁ × m₂) / r² | I32: Attraction between masses
A33: Earth Mass | B33: M₁ | C33: 5.972e+24 | D33: kg | E33: Gravity field strength | G33: Weight | H33: W = m × g | I33: Force due to gravity
A34: Earth Radius | B34: R | C34: 6371000 | D34: m | E34: Surface distance | G34: Buoyancy | H34: F_b = ρ × g × V | I34: Upward force in fluid
A35: Surface Gravity | B35: g | C35: 9.81 | D35: m/s² | E35: Weight calculations | G35: Pressure (Depth) | H35: P = P₀ + ρ × g × h | I35: Pressure at depth
A36: Atmospheric Pressure | B36: P₀ | C36: 101325 | D36: Pa | E36: Sea level pressure | G36: Thermal Flux | H36: Q = k × ∇T | I36: Heat transfer rate
A37: Air Density | B37: ρ_air | C37: 1.225 | D37: kg/m³ | E37: Buoyancy, drag | G37: Kinetic Energy | H37: KE = ½ × m × v² | I37: Motion energy
A38: Water Density | B38: ρ_water | C38: 1000 | D38: kg/m³ | E38: Fluid dynamics | G38: Potential Energy | H38: PE = m × g × h | I38: Height energy
A39: Speed of Light | B39: c | C39: 299792458 | D39: m/s | E39: Energy calculations | G39: Drag Force | H39: F_d = ½ × ρ × v² × C_d × A | I39: Air/fluid resistance
A40: Speed of Sound | B40: v_s | C40: 343 | D40: m/s | E40: Audio propagation | G40: Orbital Velocity | H40: v = √(G × M / r) | I40: Circular orbit speed
A41: Stefan-Boltzmann | B41: σ | C41: 5.67e-08 | D41: W/(m²·K⁴) | E41: Thermal radiation | G41: Escape Velocity | H41: v_e = √(2 × G × M / r) | I41: Escape from gravity
A42: Solar Constant | B42: S₀ | C42: 1361 | D42: W/m² | E42: Energy input
A44: 🌡️ ENVIRONMENT SIMULATION PANEL | G44: 🧬 ORGANISM-WORLD INTERFACE
A45: Parameter | B45: Value | C45: Unit | D45: Formula/Source | E45: Status | G45: Interaction | H45: Organism Input | I45: World Response | J45: Status
A46: Simulation Time | B46: ='DNA Loop Engine'!B4 -> 4000 | C46: ticks | D46: From DNA Engine | E46: 🟢 Active | G46: Breathing | H46: O₂ Demand | I46: Atmospheric O₂ Supply | J46: 🟢 Active
A47: Simulation Week | B47: ='DNA Loop Engine'!B5 -> 50 | C47: weeks | D47: From DNA Engine | E47: 🟢 Active | G47: Thermoregulation | H47: Body Heat | I47: Ambient Temperature | J47: 🟢 Active
A48: Ambient Temperature | B48: =20+5*SIN(B47/52*2*PI()) -> 18.803422 | C48: °C | D48: Seasonal variation | E48: 🟢 Simulating | G48: Gravity Response | H48: Body Mass | I48: Weight Force | J48: 🟢 Active
A49: Atmospheric Pressure | B49: =101325 -> 101325 | C49: Pa | D49: Sea level constant | E49: 🟢 Stable | G49: Pressure Sensing | H49: Baroreceptors | I49: Atmospheric Pressure | J49: 🟢 Active
A50: Humidity | B50: =50+20*SIN(B47/26*2*PI()) -> 40.705537 | C50: % | D50: Seasonal variation | E50: 🟢 Simulating | G50: Light Sensing | H50: Photoreceptors | I50: Solar Radiation | J50: 🟢 Active
A51: Day/Night Cycle | B51: =IF(MOD(B46,80)<40,"☀️ Day","🌙 Night") -> ☀️ Day | D51: Tick-based cycle | E51: 🔄 Cycling | G51: Sound Sensing | H51: Cochlea | I51: Air Vibrations | J51: 🟢 Active
A52: Season | B52: =CHOOSE(MOD(FLOOR(B47/13,1),4)+1,"🌸 Spring","☀️ Summer","🍂 Autumn","❄️ Winter") -> ❄️ Winter | D52: 13-week quarters | E52: 🔄 Cycling | G52: Movement | H52: Muscle Force | I52: Friction/Drag | J52: 🟢 Active
A53: Solar Radiation | B53: =IF(E51="☀️ Day",1361*0.7,0) -> 0 | C53: W/m² | D53: Day=70% surface, Night=0 | E53: 🔄 Cycling | G53: Nutrition | H53: Digestive System | I53: Food Sources | J53: 🟢 Active
A54: Wind Speed | B54: =5+10*ABS(SIN(B46/100)) -> 12.451132 | C54: m/s | D54: Variable wind | E54: 🔄 Simulating
A55: Gravity Active | B55: =9.81 -> 9.81 | C55: m/s² | D55: Surface constant | E55: 🟢 Constant
A57: 🏔️ PLANETARY LAYER HIERARCHY | G57: 📊 WORLD MATRIX SUMMARY | J57: 🔗 SYSTEM CONNECTIONS
A58: Layer | B58: Distance from Centre | C58: Thickness | D58: State | E58: Color Code | G58: Total Layers | H58: =COUNTA(A14:A28) -> 15 | J58: DNA Loop Engine | K58: Timeline sync | L58: 🟢 Connected
A59: Inner Core | B59: 0 - 1,220 km | C59: 1,220 km | D59: Solid | E59: 🔴 | G59: Core Layers | H59: =COUNTIF(B14:B28,"Core") -> 3 | J59: Respiratory Control | K59: O₂ exchange | L59: 🟢 Connected
A60: Outer Core | B60: 1,220 - 3,400 km | C60: 2,180 km | D60: Liquid | E60: 🟠 | G60: Surface Layers | H60: =COUNTIF(B14:B28,"Surface") -> 2 | J60: Circulatory System | K60: Pressure response | L60: 🟢 Connected
A61: Lower Mantle | B61: 3,400 - 5,700 km | C61: 2,300 km | D61: Solid (Flowing) | E61: 🟤 | G61: Atmosphere Layers | H61: =COUNTIF(B14:B28,"Atmosphere") -> 5 | J61: Sensory Integration | K61: Environmental input | L61: 🟢 Connected
A62: Upper Mantle | B62: 5,700 - 6,350 km | C62: 650 km | D62: Solid (Plastic) | E62: 🟡 | G62: Field Layers | H62: =COUNTIF(B14:B28,"Field")+COUNTIF(B14:B28,"Global") -> 2 | J62: Adult Anatomy Engine | K62: Physics interactions | L62: 🟢 Connected
A63: Crust | B63: 6,350 - 6,371 km | C63: 5-70 km | D63: Solid (Rigid) | E63: 🟢 | G63: External Sources | H63: =COUNTIF(B14:B28,"External") -> 1 | J63: Digestive Control | K63: Nutrient sources | L63: 🟢 Connected
A64: Troposphere | B64: 6,371 - 6,383 km | C64: 0-12 km | D64: Gas | E64: 🔵 | G64: Physics Constants | H64: =COUNTA(A32:A42) -> 11
A65: Stratosphere | B65: 6,383 - 6,421 km | C65: 12-50 km | D65: Gas | E65: 🔵 | G65: Equations Defined | H65: =COUNTA(G32:G41) -> 10
A66: Mesosphere | B66: 6,421 - 6,451 km | C66: 50-80 km | D66: Gas | E66: ⚪
A67: Thermosphere | B67: 6,451 - 7,071 km | C67: 80-700 km | D67: Ionized | E67: ⚪
A68: Exosphere | B68: 7,071 - 16,371 km | C68: 700-10,000 km | D68: Near Vacuum | E68: ⚫
A69: Magnetosphere | B69: ~65,000 km extent | C69: Variable | D69: Plasma Field | E69: 🟣

Sheet Environmental Physics
A1: 🌐 A7DO ENVIRONMENTAL PHYSICS MATRIX — WORLD DYNAMICS
A3: Name | B3: Physics Type | C3: Layer | D3: Equation | E3: Input 1 | F3: Input 2 | G3: Input 3 | H3: Output | I3: Domain | J3: Current Value | K3: Status | L3: Notes
A4: Gravity Field | B4: Gravitational | C4: Core | D4: G*m1*m2/r² | E4: Mass1 | F4: Mass2 | G4: Distance | H4: Force (N) | I4: World | L4: Acts on all mass
A5: Buoyancy | B5: Hydrodynamic | C5: Sea Mass | D5: ρ*g*V | E5: FluidDensity | F5: Gravity | G5: DisplacedVol | H5: Force (N) | I5: World | L5: Determines floatation
A6: Pressure Gradient | B6: Atmospheric | C6: Atmosphere | D6: ΔP = -ρ*g*Δh | E6: AirDensity | F6: Gravity | G6: Height | H6: Pressure (Pa) | I6: World | L6: Controls air pressure
A7: Thermal Flux | B7: Thermodynamic | C7: Mantle | D7: k*∇T | E7: Conductivity | F7: TempGradient | G7: Area | H7: Heat (W) | I7: World | L7: Drives convection
A8: Coriolis Force | B8: Dynamics | C8: Atmosphere | D8: 2*m*v*ω*sin(φ) | E8: Mass | F8: Velocity | G8: Latitude | H8: Force (N) | I8: World | L8: Wind/ocean currents
A9: Magnetic Field | B9: Electromagnetic | C9: Magnetosphere | D9: B = μ₀*(I/2πr) | E9: Current | F9: Distance | G9: Permeability | H9: Field (T) | I9: World | L9: Radiation protection
A10: Radiation Flux | B10: Radiative | C10: Solar Input | D10: I = σ*T⁴ | E10: Temperature | F10: Emissivity | G10: Area | H10: Energy (W/m²) | I10: World | L10: Solar heating
A11: Wave Motion | B11: Fluid Dynamics | C11: Sea Mass | D11: v = √(g*λ/2π) | E11: Gravity | F11: Wavelength | G11: Depth | H11: Velocity (m/s) | I11: World | L11: Ocean waves
A12: Tectonic Stress | B12: Elastic Solid | C12: Crust | D12: σ = E*ε | E12: Modulus | F12: Strain | G12: Area | H12: Stress (Pa) | I12: World | L12: Plate movement
A13: Atmospheric Flow | B13: Fluid Gas | C13: Atmosphere | D13: F = -∇P + μ∇²v | E13: Pressure | F13: Viscosity | G13: Velocity | H13: Force (N) | I13: World | L13: Wind/turbulence
A15: 📐 PHYSICS CONSTANTS | F15: 🌡️ CURRENT SIMULATION STATE
A16: Constant | B16: Symbol | C16: Value | D16: Unit | F16: Parameter | G16: Value | H16: Unit | I16: Source
A17: Gravitational Constant | B17: G | C17: 6.674e-11 | D17: m³/(kg·s²) | F17: Current Week | G17: ='DNA Loop Engine'!B5 -> 50 | H17: weeks | I17: DNA Engine
A18: Earth Mass | B18: M_Earth | C18: 5.972e+24 | D18: kg | F18: Day/Night Cycle | G18: =IF(MOD('DNA Loop Engine'!B4,160)<80,"☀️ Day","🌙 Night") -> ☀️ Day | H18: cycle | I18: Tick MOD 160
A19: Earth Radius | B19: R_Earth | C19: 6371000 | D19: m | F19: Season | G19: =IF(MOD('DNA Loop Engine'!B5,52)<13,"🌸 Spring",IF(MOD('DNA Loop Engine'!B5,52)<26,"☀️ Summer",IF(MOD('DNA Loop Engine'!B5,52)<39,"🍂 Autumn","❄️ Winter"))) -> ❄️ Winter | H19: season | I19: Week MOD 52
A20: Surface Gravity | B20: g | C20: 9.81 | D20: m/s² | F20: Ambient Temperature | G20: =20+10*SIN(2*PI()*'DNA Loop Engine'!B5/52) -> 17.606843 | H20: °C | I20: Seasonal sine wave
A21: Stefan-Boltzmann | B21: σ | C21: 5.67e-08 | D21: W/(m²·K⁴) | F21: Atmospheric Pressure | G21: 101325 | H21: Pa | I21: Sea level standard
A22: Magnetic Permeability | B22: μ₀ | C22: 1.257e-06 | D22: H/m | F22: Humidity | G22: =45+20*COS(2*PI()*'DNA Loop Engine'!B5/52) -> 64.418836 | H22: % | I22: Seasonal cosine
A23: Air Density (SL) | B23: ρ_air | C23: 1.225 | D23: kg/m³ | F23: Solar Radiation | G23: =1000+200*SIN(2*PI()*'DNA Loop Engine'!B5/52) -> 952.13687 | H23: W/m² | I23: Seasonal variation
A24: Water Density | B24: ρ_water | C24: 1000 | D24: kg/m³ | F24: Surface Gravity | G24: =C20 -> 9.81 | H24: m/s² | I24: Constant
A25: Thermal Conductivity (Rock) | B25: k_rock | C25: 2.5 | D25: W/(m·K) | F25: Magnetic Field | G25: 50 | H25: μT | I25: Earth average
A26: Angular Velocity (Earth) | B26: ω | C26: 7.29e-05 | D26: rad/s | F26: Wind Speed | G26: =5+10*ABS(SIN(2*PI()*'DNA Loop Engine'!B4/1000)) -> 5 | H26: m/s | I26: Variable by tick
A30: 🔄 LAYER INTERACTION MATRIX
A31: Source Layer | B31: Target Layer | C31: Interaction Type | D31: Energy Flow | E31: Direction | F31: Magnitude | G31: Status
A32: Core | B32: Mantle | C32: Thermal Convection | D32: Heat | E32: Outward | F32: High | G32: 🟢 Active
A33: Mantle | B33: Crust | C33: Tectonic Stress | D33: Mechanical | E33: Upward | F33: Medium | G33: 🟢 Active
A34: Crust | B34: Land Mass | C34: Support | D34: Gravitational | E34: Upward | F34: Constant | G34: 🟢 Stable
A35: Crust | B35: Sea Mass | C35: Basin Formation | D35: Gravitational | E35: Downward | F35: Constant | G35: 🟢 Stable
A36: Sea Mass | B36: Atmosphere | C36: Evaporation | D36: Thermal | E36: Upward | F36: Variable | G36: 🔄 Dynamic
A37: Atmosphere | B37: Sea Mass | C37: Precipitation | D37: Gravitational | E37: Downward | F37: Variable | G37: 🔄 Dynamic
A38: Solar Input | B38: Atmosphere | C38: Radiation | D38: Electromagnetic | E38: Inward | F38: High | G38: 🟢 Active
A39: Magnetosphere | B39: Atmosphere | C39: Shielding | D39: Electromagnetic | E39: Deflection | F39: Medium | G39: 🟢 Protective
A40: Gravity Field | B40: All Layers | C40: Attraction | D40: Gravitational | E40: Centripetal | F40: Constant | G40: 🟢 Universal
A41: Atmosphere | B41: Organism Layer | C41: Gas Exchange | D41: Chemical | E41: Bidirectional | F41: Vital | G41: 🟢 Essential
A44: 🧬 ORGANISM-ENVIRONMENT INTERFACE
A45: Environmental Factor | B45: Organism Response | C45: System Affected | D45: Formula | E45: Current Impact | F45: Status
A46: Gravity | B46: Weight/Balance | C46: Musculoskeletal | D46: W = m × g | E46: =G24*70 -> 686.7 | F46: 🟢 Adapted
A47: Temperature | B47: Thermoregulation | C47: Circulatory | D47: ΔT → Metabolic Rate | E47: =G20 -> 17.606843 | F47: 🟢 Regulated
A48: Pressure | B48: Respiration | C48: Respiratory | D48: P → Gas Exchange | E48: =G21/101325 -> 1 | F48: 🟢 Normal
A49: Oxygen Level | B49: Cellular Respiration | C49: All Systems | D49: O₂ → ATP | E49: 0.21 | F49: 🟢 Adequate
A50: Light | B50: Circadian Rhythm | C50: Endocrine | D50: Light → Melatonin | E50: =G18 -> ☀️ Day | F50: 🔄 Cycling
A51: Humidity | B51: Skin/Respiratory | C51: Integumentary | D51: H → Evaporation | E51: =G22 -> 64.418836 | F51: 🟢 Comfortable
A52: Radiation | B52: DNA Integrity | C52: Cellular | D52: UV → Mutation Risk | E52: Shielded | F52: 🟢 Protected
A53: Sound | B53: Hearing/Alertness | C53: Sensory | D53: dB → Neural Signal | E53: Ambient | F53: 🟢 Normal
A54: Magnetic Field | B54: Navigation | C54: Neural | D54: B → Orientation | E54: =G25 -> 50 | F54: 🟢 Detectable
A55: Wind | B55: Heat Loss/Balance | C55: Thermoregulation | D55: v → Convective Loss | E55: =G26 -> 5 | F55: 🟢 Compensated

Sheet Sex Random Math
A1: 🧬 A7DO SEX RANDOM MATH MATRIX — GENETIC VARIABILITY & HORMONAL DIFFERENTIATION
A3: ⚙️ GENETIC SEED CONTROL | F3: 🧪 HORMONE LEVELS
A4: Parameter | B4: Value | C4: Formula | D4: Notes | F4: Hormone | G4: Level | H4: Normal Range | I4: Status | J4: Formula
A5: Random Seed | B5: =RAND() -> 0.80925366 | C5: =RAND() -> 0.12335132 | D5: Recalculates on F9 or edit | F5: Estrogen | G5: =IF($B$8=0,0.8+$B$11,0.2+$B$11)*MIN($B$10/40,1) -> 0.3 | H5: XX: 0.7-0.9, XY: 0.1-0.3 | I5: =IF(G5>0.5,"🟣 High","⚪ Low") -> ⚪ Low | J5: Sex-dependent + noise
A6: Sex Threshold | B6: 0.5 | C6: Fixed at 0.5 | D6: 50/50 probability | F6: Testosterone | G6: =IF($B$8=1,0.8+$B$11,0.2+$B$11)*MIN($B$10/40,1) -> 0.9 | H6: XY: 0.7-0.9, XX: 0.1-0.3 | I6: =IF(G6>0.5,"🔵 High","⚪ Low") -> 🔵 High | J6: Sex-dependent + noise
A7: Chromosome Pair | B7: =IF(B5<B6,"XX","XY") -> XY | C7: {=IF(Seed<0.5,XX,XY)} -> #NAME? | D7: XX = Female, XY = Male | F7: Progesterone | G7: =IF($B$8=0,0.6,0.3)*MIN($B$10/28,1)+$B$11 -> 0.4 | H7: XX: 0.5-0.7, XY: 0.2-0.4 | I7: =IF(G7>0.4,"🟡 Active","⚪ Baseline") -> ⚪ Baseline | J7: Reproductive readiness
A8: Sex Code | B8: =IF(B7="XX",0,1) -> 1 | C8: 0=XX, 1=XY | D8: For formula calculations | F8: FSH | G8: =0.5+0.2*$B$8+$B$11 -> 0.8 | H8: 0.3-0.7 | I8: =IF(G8>0.4,"🟢 Normal","🔴 Low") -> 🟢 Normal | J8: Gonadal development
A9: Biological Sex | B9: =IF(B7="XX","♀ Female","♂ Male") -> ♂ Male | C9: Display format | D9: Visual indicator | F9: LH | G9: =0.5+0.15*$B$8+$B$11 -> 0.75 | H9: 0.3-0.7 | I9: =IF(G9>0.4,"🟢 Normal","🔴 Low") -> 🟢 Normal | J9: Reproductive maturation
A10: Current Week | B10: ='DNA Loop Engine'!B5 -> 50 | C10: ='DNA Loop Engine'!B5 -> 50 | D10: From DNA Engine | F10: Growth Hormone | G10: =0.7+0.1*$B$8+$B$11 -> 0.9 | H10: 0.6-0.9 | I10: =IF(G10>0.5,"🟢 Active","🔴 Low") -> 🟢 Active | J10: Physical development
A11: Environmental Noise | B11: =0.1*SIN(B10*PI()/20) -> 0.1 | C11: {=0.1*SIN(Week*π/20)} -> #NAME? | D11: Small random variation | F11: Insulin | G11: =0.5+$B$11 -> 0.6 | H11: 0.4-0.6 | I11: =IF(ABS(G11-0.5)<0.15,"🟢 Balanced","🟡 Varying") -> 🟢 Balanced | J11: Metabolic regulation
A12: Hormone Base (α) | B12: 1 | C12: Configurable | D12: Base hormone level | F12: Thyroid (T3/T4) | G12: =0.6+$B$11 -> 0.7 | H12: 0.5-0.7 | I12: =IF(G12>0.45,"🟢 Normal","🔴 Low") -> 🟢 Normal | J12: Metabolic rate
A13: Environment Factor (β) | B13: 0.1 | C13: Configurable | D13: Environmental influence | F13: Cortisol | G13: =0.4+ABS($B$11)*2 -> 0.6 | H13: 0.3-0.6 | I13: =IF(G13<0.5,"🟢 Calm","🟠 Stressed") -> 🟠 Stressed | J13: Stress response
A14: Trait Modifier (γ) | B14: 0.5 | C14: Configurable | D14: Phenotype variance | F14: Melatonin | G14: =0.5+0.3*COS(2*PI()*$B$10/7) -> 0.68704694 | H14: 0.2-0.8 (cyclic) | I14: =IF(G14>0.5,"🌙 High","☀️ Low") -> 🌙 High | J14: Circadian rhythm
A17: 📋 SEX DIFFERENTIATION MATRIX
A18: Name | B18: Subsystem | C18: Activation Week | D18: Full Maturity Week | E18: Function | F18: Input Variables | G18: Output Variables | H18: Current Week | I18: Status | J18: Maturity % | K18: Domain | L18: Notes
A19: Chromosome Seed | B19: Genetic | C19: 0 | D19: 1 | E19: Sex Determination | F19: RandomSeed | G19: SexCode | H19: =$B$10 -> 50 | I19: =IF(H19>=D19,"✅ Complete",IF(H19>=C19,"🔄 Developing","⏳ Pending")) -> ✅ Complete | J19: =MIN(100,MAX(0,(H19-C19)/(D19-C19)*100)) -> 100 | K19: Genetics | L19: Generates XX or XY
A20: Hormonal Bias | B20: Endocrine | C20: 4 | D20: 12 | E20: Primary Hormone Activation | F20: SexCode | G20: BaseHormone | H20: =$B$10 -> 50 | I20: =IF(H20>=D20,"✅ Complete",IF(H20>=C20,"🔄 Developing","⏳ Pending")) -> ✅ Complete | J20: =MIN(100,MAX(0,(H20-C20)/(D20-C20)*100)) -> 100 | K20: Embodiment | L20: Sets hormonal baseline
A21: Gonadal Formation | B21: Embryonic | C21: 6 | D21: 20 | E21: Organ Differentiation | F21: HormonalBias | G21: OrganType | H21: =$B$10 -> 50 | I21: =IF(H21>=D21,"✅ Complete",IF(H21>=C21,"🔄 Developing","⏳ Pending")) -> ✅ Complete | J21: =MIN(100,MAX(0,(H21-C21)/(D21-C21)*100)) -> 100 | K21: Embodiment | L21: Forms testes or ovaries
A22: Secondary Signal | B22: Endocrine | C22: 12 | D22: 28 | E22: Feedback Loop | F22: HormonalBias | G22: NeuralInput | H22: =$B$10 -> 50 | I22: =IF(H22>=D22,"✅ Complete",IF(H22>=C22,"🔄 Developing","⏳ Pending")) -> ✅ Complete | J22: =MIN(100,MAX(0,(H22-C22)/(D22-C22)*100)) -> 100 | K22: Embodiment | L22: Links hormones to neural control
A23: Phenotypic Expression | B23: Genetic | C23: 20 | D23: 36 | E23: Physical Trait Emergence | F23: SexCode+Hormones | G23: Traits | H23: =$B$10 -> 50 | I23: =IF(H23>=D23,"✅ Complete",IF(H23>=C23,"🔄 Developing","⏳ Pending")) -> ✅ Complete | J23: =MIN(100,MAX(0,(H23-C23)/(D23-C23)*100)) -> 100 | K23: Embodiment | L23: Determines external features
A24: Neural Sex Bias | B24: Cognitive | C24: 20 | D24: 36 | E24: Neural Patterning | F24: HormoneFeedback | G24: NeuralBias | H24: =$B$10 -> 50 | I24: =IF(H24>=D24,"✅ Complete",IF(H24>=C24,"🔄 Developing","⏳ Pending")) -> ✅ Complete | J24: =MIN(100,MAX(0,(H24-C24)/(D24-C24)*100)) -> 100 | K24: Cognition | L24: Influences cognitive tendencies
A25: Endocrine Stability | B25: Metabolic | C25: 28 | D25: 40 | E25: Hormonal Equilibrium | F25: AllHormones | G25: Homeostasis | H25: =$B$10 -> 50 | I25: =IF(H25>=D25,"✅ Complete",IF(H25>=C25,"🔄 Developing","⏳ Pending")) -> ✅ Complete | J25: =MIN(100,MAX(0,(H25-C25)/(D25-C25)*100)) -> 100 | K25: Embodiment | L25: Stabilizes hormonal cycles
A28: 🧬 PHENOTYPIC EXPRESSION
A29: Trait | B29: XX Expression | C29: XY Expression | D29: Current Expression | E29: Variance Factor | F29: Status | G29: Week Active | H29: Notes
A30: Gonad Type | B30: Ovaries | C30: Testes | D30: =IF($B$8=0,B30,C30) -> Testes | E30: =ROUND($B$14*(0.9+0.2*SIN(G30)),2) -> 0.42 | F30: =IF($B$10>=G30,"✅ Expressed","⏳ Pending") -> ✅ Expressed | G30: 6 | H30: Primary reproductive organs
A31: Internal Ducts | B31: Müllerian | C31: Wolffian | D31: =IF($B$8=0,B31,C31) -> Wolffian | E31: =ROUND($B$14*(0.9+0.2*SIN(G31)),2) -> 0.55 | F31: =IF($B$10>=G31,"✅ Expressed","⏳ Pending") -> ✅ Expressed | G31: 8 | H31: Reproductive tract
A32: External Genitalia | B32: Female | C32: Male | D32: =IF($B$8=0,B32,C32) -> Male | E32: =ROUND($B$14*(0.9+0.2*SIN(G32)),2) -> 0.4 | F32: =IF($B$10>=G32,"✅ Expressed","⏳ Pending") -> ✅ Expressed | G32: 12 | H32: External differentiation
A33: Vocal Pitch | B33: Higher | C33: Lower | D33: =IF($B$8=0,B33,C33) -> Lower | E33: =ROUND($B$14*(0.9+0.2*SIN(G33)),2) -> 0.54 | F33: =IF($B$10>=G33,"✅ Expressed","⏳ Pending") -> ✅ Expressed | G33: 20 | H33: Laryngeal development
A34: Body Hair Pattern | B34: Less dense | C34: More dense | D34: =IF($B$8=0,B34,C34) -> More dense | E34: =ROUND($B$14*(0.9+0.2*SIN(G34)),2) -> 0.54 | F34: =IF($B$10>=G34,"✅ Expressed","⏳ Pending") -> ✅ Expressed | G34: 20 | H34: Androgen response
A35: Muscle Mass Potential | B35: Lower baseline | C35: Higher baseline | D35: =IF($B$8=0,B35,C35) -> Higher baseline | E35: =ROUND($B$14*(0.9+0.2*SIN(G35)),2) -> 0.54 | F35: =IF($B$10>=G35,"✅ Expressed","⏳ Pending") -> ✅ Expressed | G35: 20 | H35: Testosterone effect
A36: Fat Distribution | B36: Hips/thighs | C36: Abdomen | D36: =IF($B$8=0,B36,C36) -> Abdomen | E36: =ROUND($B$14*(0.9+0.2*SIN(G36)),2) -> 0.54 | F36: =IF($B$10>=G36,"✅ Expressed","⏳ Pending") -> ✅ Expressed | G36: 20 | H36: Estrogen/testosterone ratio
A37: Bone Density | B37: Peak earlier | C37: Peak later | D37: =IF($B$8=0,B37,C37) -> Peak later | E37: =ROUND($B$14*(0.9+0.2*SIN(G37)),2) -> 0.54 | F37: =IF($B$10>=G37,"✅ Expressed","⏳ Pending") -> ✅ Expressed | G37: 20 | H37: Growth hormone timing
A38: Brain Structure | B38: More connections | C38: More lateralized | D38: =IF($B$8=0,B38,C38) -> More lateralized | E38: =ROUND($B$14*(0.9+0.2*SIN(G38)),2) -> 0.36 | F38: =IF($B$10>=G38,"✅ Expressed","⏳ Pending") -> ✅ Expressed | G38: 24 | H38: Neural organization
A39: Height Potential | B39: Shorter average | C39: Taller average | D39: =IF($B$8=0,B39,C39) -> Taller average | E39: =ROUND($B$14*(0.9+0.2*SIN(G39)),2) -> 0.4 | F39: =IF($B$10>=G39,"✅ Expressed","⏳ Pending") -> ✅ Expressed | G39: 12 | H39: Growth plate timing
A42: 🧠 NEURAL SEX BIAS
A43: Neural Trait | B43: XX Tendency | C43: XY Tendency | D43: Current Bias | E43: Formula | F43: Maturity % | G43: Notes
A44: Verbal Processing | B44: Stronger | C44: Baseline | D44: =IF($B$8=0,"🟣 Enhanced","⚪ Baseline") -> ⚪ Baseline | E44: {=HormoneLevel * NeuralGain} -> #NAME? | F44: =MIN(100,MAX(0,($B$10-20)/16*100)) -> 100 | G44: Language areas
A45: Spatial Processing | B45: Baseline | C45: Stronger | D45: =IF($B$8=1,"🔵 Enhanced","⚪ Baseline") -> 🔵 Enhanced | E45: {=HormoneLevel * NeuralGain} -> #NAME? | F45: =MIN(100,MAX(0,($B$10-20)/16*100)) -> 100 | G45: Visuospatial areas
A46: Emotional Recognition | B46: Stronger | C46: Baseline | D46: =IF($B$8=0,"🟣 Enhanced","⚪ Baseline") -> ⚪ Baseline | E46: {=HormoneLevel * NeuralGain} -> #NAME? | F46: =MIN(100,MAX(0,($B$10-20)/16*100)) -> 100 | G46: Limbic integration
A47: Risk Assessment | B47: More cautious | C47: More risk-taking | D47: =IF($B$8=0,"🟡 Cautious","🟠 Risk-prone") -> 🟠 Risk-prone | E47: {=AmygdalaActivity / CortexControl} -> #NAME? | F47: =MIN(100,MAX(0,($B$10-20)/16*100)) -> 100 | G47: Prefrontal-limbic
A48: Multitasking | B48: More distributed | C48: More focused | D48: =IF($B$8=0,"🟣 Distributed","🔵 Focused") -> 🔵 Focused | E48: {=HemisphericBalance * Estrogen} -> #NAME? | F48: =MIN(100,MAX(0,($B$10-20)/16*100)) -> 100 | G48: Hemispheric coordination
A49: Empathy Response | B49: Stronger | C49: Baseline | D49: =IF($B$8=0,"🟣 Enhanced","⚪ Baseline") -> ⚪ Baseline | E49: {=MirrorNeuronDensity * Hormone} -> #NAME? | F49: =MIN(100,MAX(0,($B$10-20)/16*100)) -> 100 | G49: Mirror neuron system
A50: Aggression Threshold | B50: Higher | C50: Lower | D50: =IF($B$8=0,"🟢 Higher","🔴 Lower") -> 🔴 Lower | E50: {=TestosteroneLevel / CortexInhibition} -> #NAME? | F50: =MIN(100,MAX(0,($B$10-20)/16*100)) -> 100 | G50: Amygdala-cortex
A51: Social Cognition | B51: Stronger | C51: Baseline | D51: =IF($B$8=0,"🟣 Enhanced","⚪ Baseline") -> ⚪ Baseline | E51: {=LimbicIntegration * Hormone} -> #NAME? | F51: =MIN(100,MAX(0,($B$10-20)/16*100)) -> 100 | G51: Theory of mind
A54: 📊 GENETIC SUMMARY | F54: 🔗 SYSTEM CONNECTIONS
A55: Metric | B55: Value | C55: Formula | D55: Notes | F55: Linked System | G55: Reference | H55: Data Flow | I55: Status
A56: Biological Sex | B56: =$B$9 -> ♂ Male | C56: From chromosome pair | D56: Primary determination | F56: DNA Loop Engine | G56: ='DNA Loop Engine'!B5 -> 50 | H56: Current Week | I56: 🟢 Connected
A57: Dominant Hormone | B57: =IF($B$8=0,"Estrogen","Testosterone") -> Testosterone | C57: Based on sex code | D57: Primary endocrine driver | F57: Anatomy Growth Engine | G57: Gonadal coordinates | H57: Organ placement | I57: 🟢 Linked
A58: Hormone Balance | B58: =IF($B$8=0,G5/(G5+G6),G6/(G5+G6)) -> 0.75 | C58: Dominant/Total ratio | D58: 0.5-1.0 range | F58: Endocrine System | G58: Hormone levels | H58: Metabolic regulation | I58: 🟢 Active
A59: Differentiation Stage | B59: =IF($B$10<6,"⏳ Pre-differentiation",IF($B$10<20,"🔄 Differentiating",IF($B$10<36,"🔄 Expressing","✅ Complete"))) -> ✅ Complete | C59: Week-based stage | D59: Development phase | F59: Neural Control | G59: Neural bias factors | H59: Cognitive patterning | I59: 🟢 Integrated
A60: Traits Expressed | B60: =COUNTIF(F30:F39,"✅ Expressed")&" of 10" -> 10 of 10 | C60: Count of active traits | D60: Phenotype progress | F60: Cognition & Language | G60: Processing tendencies | H60: Learning styles | I60: 🟢 Feeding
A61: Neural Bias Maturity | B61: =ROUND(AVERAGE(F44:F51),0)&"%" -> 100% | C61: Average neural bias % | D61: Cognitive patterning | F61: Adult Anatomy Engine | G61: Phenotype reference | H61: Final expression | I61: 🟢 Target
A62: Overall Sex Differentiation | B62: =ROUND(AVERAGE(J19:J25),0)&"%" -> 100% | C62: Average matrix maturity | D62: Complete at birth | F62: World Matrix System | G62: Environmental noise | H62: Epigenetic factors | I62: 🟢 Modulating

Sheet Genetic Inheritance
A1: 🧬 A7DO GENETIC INHERITANCE MATRIX — HEREDITY & EVOLUTION ENGINE
A3: ⚙️ INHERITANCE CONTROL PANEL
A4: Parameter | B4: Value | C4: Unit | D4: Source/Formula
A5: Current Week | B5: ='DNA Loop Engine'!B5 -> 50 | C5: weeks | D5: From DNA Engine
A6: Generation Number | B6: 1 | D6: Current generation
A7: Population Size | B7: 100 | C7: organisms | D7: Simulation parameter
A8: Mutation Rate | B8: 0.001 | C8: per gene | D8: Base mutation probability
A9: Crossover Rate | B9: 0.7 | D9: Recombination probability
A10: Environmental Factor | B10: 1 | D10: Epigenetic modifier
A11: Random Seed (Parent A) | B11: =RAND() -> 0.96470593 | D11: RAND() for variability
A12: Random Seed (Parent B) | B12: =RAND() -> 0.90429646 | D12: RAND() for variability
A13: Inheritance Mode | B13: Mendelian | D13: Dominant/Recessive/Codominant
A15: 🧬 GENETIC INHERITANCE MATRIX
A16: Name | B16: Subsystem | C16: Generation Stage | D16: Function | E16: Input Variables | F16: Output Variables | G16: Equation | H16: Domain | I16: Status | J16: Notes
A17: Parent Genome A | B17: Genetic | C17: Prenatal | D17: Base Genetic Code | E17: Chromosome Seed A | F17: Allele Set A | G17: Genome = f(Seed) | H17: Genetics | I17: =IF($B$5<40,"🔄 Prenatal",IF($B$5<92,"🧒 Postnatal","✅ Active")) -> 🧒 Postnatal | J17: Maternal DNA
A18: Parent Genome B | B18: Genetic | C18: Prenatal | D18: Base Genetic Code | E18: Chromosome Seed B | F18: Allele Set B | G18: Genome = f(Seed) | H18: Genetics | I18: =IF($B$5<40,"🔄 Prenatal",IF($B$5<92,"🧒 Postnatal","✅ Active")) -> 🧒 Postnatal | J18: Paternal DNA
A19: Gamete Formation A | B19: Genetic | C19: Prenatal | D19: Meiosis Simulation | E19: Parent Genome A | F19: Gamete A | G19: crossover(Genome,Rand) | H19: Genetics | I19: =IF($B$5<40,"🔄 Prenatal",IF($B$5<92,"🧒 Postnatal","✅ Active")) -> 🧒 Postnatal | J19: Maternal gamete
A20: Gamete Formation B | B20: Genetic | C20: Prenatal | D20: Meiosis Simulation | E20: Parent Genome B | F20: Gamete B | G20: crossover(Genome,Rand) | H20: Genetics | I20: =IF($B$5<40,"🔄 Prenatal",IF($B$5<92,"🧒 Postnatal","✅ Active")) -> 🧒 Postnatal | J20: Paternal gamete
A21: Fertilization | B21: Genetic | C21: Prenatal | D21: Genome Fusion | E21: Gamete A + B | F21: Child Genome | G21: merge(A,B) | H21: Genetics | I21: =IF($B$5<40,"🔄 Prenatal",IF($B$5<92,"🧒 Postnatal","✅ Active")) -> 🧒 Postnatal | J21: DNA combination
A22: Mutation Event | B22: Genetic | C22: Prenatal | D22: Random Variation | E22: Child Genome | F22: Mutated Genome | G22: Child + rand(Rate) | H22: Genetics | I22: =IF($B$5<40,"🔄 Prenatal",IF($B$5<92,"🧒 Postnatal","✅ Active")) -> 🧒 Postnatal | J22: Stochastic variation
A23: Trait Inheritance | B23: Phenotypic | C23: Prenatal | D23: Physical Traits | E23: Parent Traits | F23: Child Traits | G23: inherit(Parents) | H23: Embodiment | I23: =IF($B$5<40,"🔄 Prenatal",IF($B$5<92,"🧒 Postnatal","✅ Active")) -> 🧒 Postnatal | J23: Visible traits
A24: Cognitive Inheritance | B24: Cognitive | C24: Prenatal | D24: Neural Patterns | E24: Parent Neural | F24: Child Neural | G24: mix(Parents,Noise) | H24: Cognition | I24: =IF($B$5<40,"🔄 Prenatal",IF($B$5<92,"🧒 Postnatal","✅ Active")) -> 🧒 Postnatal | J24: Cognitive tendencies
A25: Epigenetic Feedback | B25: Metabolic | C25: Postnatal | D25: Environment Effect | E25: Child Genome | F25: Epigenetic Shift | G25: k × EnvFactor | H25: Embodiment | I25: =IF($B$5<40,"🔄 Prenatal",IF($B$5<92,"🧒 Postnatal","✅ Active")) -> 🧒 Postnatal | J25: Gene expression
A26: Generational Drift | B26: Population | C26: Postnatal | D26: Population Variance | E26: All Genomes | F26: Drift Index | G26: Σ(Mut)/PopSize | H26: World | I26: =IF($B$5<40,"🔄 Prenatal",IF($B$5<92,"🧒 Postnatal","✅ Active")) -> 🧒 Postnatal | J26: Long-term evolution
A28: 👨‍👩‍👧 PARENT GENOME SIMULATOR
A29: 🔵 PARENT A (Maternal) | H29: 🔴 PARENT B (Paternal)
A30: Trait | B30: Allele 1 | C30: Allele 2 | D30: Genotype | E30: Expression | F30: Dominance | H30: Trait | I30: Allele 1 | J30: Allele 2 | K30: Genotype | L30: Expression | M30: Dominance
A31: Eye Color | B31: =IF($B$11<0.5,"D","d") -> d | C31: =IF(RAND()<0.5,"D","d") -> D | D31: =B31&C31 -> dD | E31: =IF(OR(B31="D",C31="D"),"Dominant","Recessive") -> Dominant | F31: =IF(AND(B31="D",C31="D"),"Homozygous Dom",IF(AND(B31="d",C31="d"),"Homozygous Rec","Heterozygous")) -> Homozygous Dom | H31: Eye Color | I31: =IF($B$12<0.5,"D","d") -> d | J31: =IF(RAND()<0.5,"D","d") -> d | K31: =I31&J31 -> dd | L31: =IF(OR(I31="D",J31="D"),"Dominant","Recessive") -> Dominant | M31: =IF(AND(I31="D",J31="D"),"Homozygous Dom",IF(AND(I31="d",J31="d"),"Homozygous Rec","Heterozygous")) -> Homozygous Dom
A32: Hair Color | B32: =IF($B$11<0.5,"D","d") -> d | C32: =IF(RAND()<0.5,"D","d") -> d | D32: =B32&C32 -> dd | E32: =IF(OR(B32="D",C32="D"),"Dominant","Recessive") -> Dominant | F32: =IF(AND(B32="D",C32="D"),"Homozygous Dom",IF(AND(B32="d",C32="d"),"Homozygous Rec","Heterozygous")) -> Homozygous Dom | H32: Hair Color | I32: =IF($B$12<0.5,"D","d") -> d | J32: =IF(RAND()<0.5,"D","d") -> D | K32: =I32&J32 -> dD | L32: =IF(OR(I32="D",J32="D"),"Dominant","Recessive") -> Dominant | M32: =IF(AND(I32="D",J32="D"),"Homozygous Dom",IF(AND(I32="d",J32="d"),"Homozygous Rec","Heterozygous")) -> Homozygous Dom
A33: Height Potential | B33: =IF($B$11<0.5,"D","d") -> d | C33: =IF(RAND()<0.5,"D","d") -> D | D33: =B33&C33 -> dD | E33: =IF(OR(B33="D",C33="D"),"Dominant","Recessive") -> Dominant | F33: =IF(AND(B33="D",C33="D"),"Homozygous Dom",IF(AND(B33="d",C33="d"),"Homozygous Rec","Heterozygous")) -> Homozygous Dom | H33: Height Potential | I33: =IF($B$12<0.5,"D","d") -> d | J33: =IF(RAND()<0.5,"D","d") -> D | K33: =I33&J33 -> dD | L33: =IF(OR(I33="D",J33="D"),"Dominant","Recessive") -> Dominant | M33: =IF(AND(I33="D",J33="D"),"Homozygous Dom",IF(AND(I33="d",J33="d"),"Homozygous Rec","Heterozygous")) -> Homozygous Dom
A34: Skin Tone | B34: =IF($B$11<0.5,"D","d") -> d | C34: =IF(RAND()<0.5,"D","d") -> D | D34: =B34&C34 -> dD | E34: =IF(OR(B34="D",C34="D"),"Dominant","Recessive") -> Dominant | F34: =IF(AND(B34="D",C34="D"),"Homozygous Dom",IF(AND(B34="d",C34="d"),"Homozygous Rec","Heterozygous")) -> Homozygous Dom | H34: Skin Tone | I34: =IF($B$12<0.5,"D","d") -> d | J34: =IF(RAND()<0.5,"D","d") -> d | K34: =I34&J34 -> dd | L34: =IF(OR(I34="D",J34="D"),"Dominant","Recessive") -> Dominant | M34: =IF(AND(I34="D",J34="D"),"Homozygous Dom",IF(AND(I34="d",J34="d"),"Homozygous Rec","Heterozygous")) -> Homozygous Dom
A35: Blood Type | B35: =IF($B$11<0.5,"D","d") -> d | C35: =IF(RAND()<0.5,"D","d") -> D | D35: =B35&C35 -> dD | E35: =IF(OR(B35="D",C35="D"),"Dominant","Recessive") -> Dominant | F35: =IF(AND(B35="D",C35="D"),"Homozygous Dom",IF(AND(B35="d",C35="d"),"Homozygous Rec","Heterozygous")) -> Homozygous Dom | H35: Blood Type | I35: =IF($B$12<0.5,"D","d") -> d | J35: =IF(RAND()<0.5,"D","d") -> d | K35: =I35&J35 -> dd | L35: =IF(OR(I35="D",J35="D"),"Dominant","Recessive") -> Dominant | M35: =IF(AND(I35="D",J35="D"),"Homozygous Dom",IF(AND(I35="d",J35="d"),"Homozygous Rec","Heterozygous")) -> Homozygous Dom
A36: Metabolic Rate | B36: =IF($B$11<0.5,"D","d") -> d | C36: =IF(RAND()<0.5,"D","d") -> D | D36: =B36&C36 -> dD | E36: =IF(OR(B36="D",C36="D"),"Dominant","Recessive") -> Dominant | F36: =IF(AND(B36="D",C36="D"),"Homozygous Dom",IF(AND(B36="d",C36="d"),"Homozygous Rec","Heterozygous")) -> Homozygous Dom | H36: Metabolic Rate | I36: =IF($B$12<0.5,"D","d") -> d | J36: =IF(RAND()<0.5,"D","d") -> D | K36: =I36&J36 -> dD | L36: =IF(OR(I36="D",J36="D"),"Dominant","Recessive") -> Dominant | M36: =IF(AND(I36="D",J36="D"),"Homozygous Dom",IF(AND(I36="d",J36="d"),"Homozygous Rec","Heterozygous")) -> Homozygous Dom
A37: Muscle Density | B37: =IF($B$11<0.5,"D","d") -> d | C37: =IF(RAND()<0.5,"D","d") -> d | D37: =B37&C37 -> dd | E37: =IF(OR(B37="D",C37="D"),"Dominant","Recessive") -> Dominant | F37: =IF(AND(B37="D",C37="D"),"Homozygous Dom",IF(AND(B37="d",C37="d"),"Homozygous Rec","Heterozygous")) -> Homozygous Dom | H37: Muscle Density | I37: =IF($B$12<0.5,"D","d") -> d | J37: =IF(RAND()<0.5,"D","d") -> d | K37: =I37&J37 -> dd | L37: =IF(OR(I37="D",J37="D"),"Dominant","Recessive") -> Dominant | M37: =IF(AND(I37="D",J37="D"),"Homozygous Dom",IF(AND(I37="d",J37="d"),"Homozygous Rec","Heterozygous")) -> Homozygous Dom
A38: Bone Structure | B38: =IF($B$11<0.5,"D","d") -> d | C38: =IF(RAND()<0.5,"D","d") -> D | D38: =B38&C38 -> dD | E38: =IF(OR(B38="D",C38="D"),"Dominant","Recessive") -> Dominant | F38: =IF(AND(B38="D",C38="D"),"Homozygous Dom",IF(AND(B38="d",C38="d"),"Homozygous Rec","Heterozygous")) -> Homozygous Dom | H38: Bone Structure | I38: =IF($B$12<0.5,"D","d") -> d | J38: =IF(RAND()<0.5,"D","d") -> d | K38: =I38&J38 -> dd | L38: =IF(OR(I38="D",J38="D"),"Dominant","Recessive") -> Dominant | M38: =IF(AND(I38="D",J38="D"),"Homozygous Dom",IF(AND(I38="d",J38="d"),"Homozygous Rec","Heterozygous")) -> Homozygous Dom
A39: Neural Speed | B39: =IF($B$11<0.5,"D","d") -> d | C39: =IF(RAND()<0.5,"D","d") -> D | D39: =B39&C39 -> dD | E39: =IF(OR(B39="D",C39="D"),"Dominant","Recessive") -> Dominant | F39: =IF(AND(B39="D",C39="D"),"Homozygous Dom",IF(AND(B39="d",C39="d"),"Homozygous Rec","Heterozygous")) -> Homozygous Dom | H39: Neural Speed | I39: =IF($B$12<0.5,"D","d") -> d | J39: =IF(RAND()<0.5,"D","d") -> D | K39: =I39&J39 -> dD | L39: =IF(OR(I39="D",J39="D"),"Dominant","Recessive") -> Dominant | M39: =IF(AND(I39="D",J39="D"),"Homozygous Dom",IF(AND(I39="d",J39="d"),"Homozygous Rec","Heterozygous")) -> Homozygous Dom
A40: Immune Strength | B40: =IF($B$11<0.5,"D","d") -> d | C40: =IF(RAND()<0.5,"D","d") -> D | D40: =B40&C40 -> dD | E40: =IF(OR(B40="D",C40="D"),"Dominant","Recessive") -> Dominant | F40: =IF(AND(B40="D",C40="D"),"Homozygous Dom",IF(AND(B40="d",C40="d"),"Homozygous Rec","Heterozygous")) -> Homozygous Dom | H40: Immune Strength | I40: =IF($B$12<0.5,"D","d") -> d | J40: =IF(RAND()<0.5,"D","d") -> D | K40: =I40&J40 -> dD | L40: =IF(OR(I40="D",J40="D"),"Dominant","Recessive") -> Dominant | M40: =IF(AND(I40="D",J40="D"),"Homozygous Dom",IF(AND(I40="d",J40="d"),"Homozygous Rec","Heterozygous")) -> Homozygous Dom
A42: 👶 CHILD GENOME OUTPUT (Offspring)
A43: Trait | B43: Inherited A | C43: Inherited B | D43: Child Genotype | E43: Expression | F43: Mutation? | G43: Final Genotype | H43: Phenotype | I43: Inheritance Pattern
A44: Eye Color | B44: =IF(RAND()<0.5,B31,C31) -> D | C44: =IF(RAND()<0.5,I31,J31) -> d | D44: =B44&C44 -> Dd | E44: =IF(OR(B44="D",C44="D"),"Dominant","Recessive") -> Dominant | F44: =IF(RAND()<$B$8,"⚠️ YES","No") -> No | G44: =IF(F44="⚠️ YES",IF(RAND()<0.5,SUBSTITUTE(D44,"D","d"),SUBSTITUTE(D44,"d","D")),D44) -> Dd | H44: =IF(EXACT(G44,"dd"),"Recessive Expressed","Dominant Expressed") -> Dominant Expressed | I44: =IF(EXACT(G44,"DD"),"Homozygous Dominant",IF(EXACT(G44,"dd"),"Homozygous Recessive","Heterozygous")) -> Heterozygous
A45: Hair Color | B45: =IF(RAND()<0.5,B32,C32) -> d | C45: =IF(RAND()<0.5,I32,J32) -> D | D45: =B45&C45 -> dD | E45: =IF(OR(B45="D",C45="D"),"Dominant","Recessive") -> Dominant | F45: =IF(RAND()<$B$8,"⚠️ YES","No") -> No | G45: =IF(F45="⚠️ YES",IF(RAND()<0.5,SUBSTITUTE(D45,"D","d"),SUBSTITUTE(D45,"d","D")),D45) -> dD | H45: =IF(EXACT(G45,"dd"),"Recessive Expressed","Dominant Expressed") -> Dominant Expressed | I45: =IF(EXACT(G45,"DD"),"Homozygous Dominant",IF(EXACT(G45,"dd"),"Homozygous Recessive","Heterozygous")) -> Heterozygous
A46: Height Potential | B46: =IF(RAND()<0.5,B33,C33) -> D | C46: =IF(RAND()<0.5,I33,J33) -> D | D46: =B46&C46 -> DD | E46: =IF(OR(B46="D",C46="D"),"Dominant","Recessive") -> Dominant | F46: =IF(RAND()<$B$8,"⚠️ YES","No") -> No | G46: =IF(F46="⚠️ YES",IF(RAND()<0.5,SUBSTITUTE(D46,"D","d"),SUBSTITUTE(D46,"d","D")),D46) -> DD | H46: =IF(EXACT(G46,"dd"),"Recessive Expressed","Dominant Expressed") -> Dominant Expressed | I46: =IF(EXACT(G46,"DD"),"Homozygous Dominant",IF(EXACT(G46,"dd"),"Homozygous Recessive","Heterozygous")) -> Homozygous Dominant
A47: Skin Tone | B47: =IF(RAND()<0.5,B34,C34) -> d | C47: =IF(RAND()<0.5,I34,J34) -> d | D47: =B47&C47 -> dd | E47: =IF(OR(B47="D",C47="D"),"Dominant","Recessive") -> Dominant | F47: =IF(RAND()<$B$8,"⚠️ YES","No") -> No | G47: =IF(F47="⚠️ YES",IF(RAND()<0.5,SUBSTITUTE(D47,"D","d"),SUBSTITUTE(D47,"d","D")),D47) -> dd | H47: =IF(EXACT(G47,"dd"),"Recessive Expressed","Dominant Expressed") -> Recessive Expressed | I47: =IF(EXACT(G47,"DD"),"Homozygous Dominant",IF(EXACT(G47,"dd"),"Homozygous Recessive","Heterozygous")) -> Homozygous Recessive
A48: Blood Type | B48: =IF(RAND()<0.5,B35,C35) -> d | C48: =IF(RAND()<0.5,I35,J35) -> d | D48: =B48&C48 -> dd | E48: =IF(OR(B48="D",C48="D"),"Dominant","Recessive") -> Dominant | F48: =IF(RAND()<$B$8,"⚠️ YES","No") -> No | G48: =IF(F48="⚠️ YES",IF(RAND()<0.5,SUBSTITUTE(D48,"D","d"),SUBSTITUTE(D48,"d","D")),D48) -> dd | H48: =IF(EXACT(G48,"dd"),"Recessive Expressed","Dominant Expressed") -> Recessive Expressed | I48: =IF(EXACT(G48,"DD"),"Homozygous Dominant",IF(EXACT(G48,"dd"),"Homozygous Recessive","Heterozygous")) -> Homozygous Recessive
A49: Metabolic Rate | B49: =IF(RAND()<0.5,B36,C36) -> D | C49: =IF(RAND()<0.5,I36,J36) -> D | D49: =B49&C49 -> DD | E49: =IF(OR(B49="D",C49="D"),"Dominant","Recessive") -> Dominant | F49: =IF(RAND()<$B$8,"⚠️ YES","No") -> No | G49: =IF(F49="⚠️ YES",IF(RAND()<0.5,SUBSTITUTE(D49,"D","d"),SUBSTITUTE(D49,"d","D")),D49) -> DD | H49: =IF(EXACT(G49,"dd"),"Recessive Expressed","Dominant Expressed") -> Dominant Expressed | I49: =IF(EXACT(G49,"DD"),"Homozygous Dominant",IF(EXACT(G49,"dd"),"Homozygous Recessive","Heterozygous")) -> Homozygous Dominant
A50: Muscle Density | B50: =IF(RAND()<0.5,B37,C37) -> d | C50: =IF(RAND()<0.5,I37,J37) -> d | D50: =B50&C50 -> dd | E50: =IF(OR(B50="D",C50="D"),"Dominant","Recessive") -> Dominant | F50: =IF(RAND()<$B$8,"⚠️ YES","No") -> No | G50: =IF(F50="⚠️ YES",IF(RAND()<0.5,SUBSTITUTE(D50,"D","d"),SUBSTITUTE(D50,"d","D")),D50) -> dd | H50: =IF(EXACT(G50,"dd"),"Recessive Expressed","Dominant Expressed") -> Recessive Expressed | I50: =IF(EXACT(G50,"DD"),"Homozygous Dominant",IF(EXACT(G50,"dd"),"Homozygous Recessive","Heterozygous")) -> Homozygous Recessive
A51: Bone Structure | B51: =IF(RAND()<0.5,B38,C38) -> d | C51: =IF(RAND()<0.5,I38,J38) -> d | D51: =B51&C51 -> dd | E51: =IF(OR(B51="D",C51="D"),"Dominant","Recessive") -> Dominant | F51: =IF(RAND()<$B$8,"⚠️ YES","No") -> No | G51: =IF(F51="⚠️ YES",IF(RAND()<0.5,SUBSTITUTE(D51,"D","d"),SUBSTITUTE(D51,"d","D")),D51) -> dd | H51: =IF(EXACT(G51,"dd"),"Recessive Expressed","Dominant Expressed") -> Recessive Expressed | I51: =IF(EXACT(G51,"DD"),"Homozygous Dominant",IF(EXACT(G51,"dd"),"Homozygous Recessive","Heterozygous")) -> Homozygous Recessive
A52: Neural Speed | B52: =IF(RAND()<0.5,B39,C39) -> d | C52: =IF(RAND()<0.5,I39,J39) -> d | D52: =B52&C52 -> dd | E52: =IF(OR(B52="D",C52="D"),"Dominant","Recessive") -> Dominant | F52: =IF(RAND()<$B$8,"⚠️ YES","No") -> No | G52: =IF(F52="⚠️ YES",IF(RAND()<0.5,SUBSTITUTE(D52,"D","d"),SUBSTITUTE(D52,"d","D")),D52) -> dd | H52: =IF(EXACT(G52,"dd"),"Recessive Expressed","Dominant Expressed") -> Recessive Expressed | I52: =IF(EXACT(G52,"DD"),"Homozygous Dominant",IF(EXACT(G52,"dd"),"Homozygous Recessive","Heterozygous")) -> Homozygous Recessive
A53: Immune Strength | B53: =IF(RAND()<0.5,B40,C40) -> D | C53: =IF(RAND()<0.5,I40,J40) -> D | D53: =B53&C53 -> DD | E53: =IF(OR(B53="D",C53="D"),"Dominant","Recessive") -> Dominant | F53: =IF(RAND()<$B$8,"⚠️ YES","No") -> No | G53: =IF(F53="⚠️ YES",IF(RAND()<0.5,SUBSTITUTE(D53,"D","d"),SUBSTITUTE(D53,"d","D")),D53) -> DD | H53: =IF(EXACT(G53,"dd"),"Recessive Expressed","Dominant Expressed") -> Dominant Expressed | I53: =IF(EXACT(G53,"DD"),"Homozygous Dominant",IF(EXACT(G53,"dd"),"Homozygous Recessive","Heterozygous")) -> Homozygous Dominant
A55: 📊 QUANTITATIVE TRAIT VALUES
A56: Trait | B56: Parent A Value | C56: Parent B Value | D56: Midpoint | E56: Child Value | F56: Mutation Shift | G56: Final Value | H56: Percentile
A57: Height (cm) | B57: =165*(0.9+$B$11*0.2) -> 180.3353 | C57: =178*(0.9+$B$12*0.2) -> 192.39295 | D57: =(B57+C57)/2 -> 186.36412 | E57: =D57*(0.95+RAND()*0.1) -> 186.53889 | F57: =IF(RAND()<$B$8,(RAND()-0.5)*D57*0.1,0) -> 0 | G57: =E57+F57 -> 186.53889 | H57: =ROUND(_xlfn.NORM.DIST(G57,D57,D57*0.05,TRUE)*100,0)&"%" -> 51%
A58: Weight Potential (kg) | B58: =60*(0.9+$B$11*0.2) -> 65.576471 | C58: =75*(0.9+$B$12*0.2) -> 81.064447 | D58: =(B58+C58)/2 -> 73.320459 | E58: =D58*(0.95+RAND()*0.1) -> 72.401988 | F58: =IF(RAND()<$B$8,(RAND()-0.5)*D58*0.1,0) -> 0 | G58: =E58+F58 -> 72.401988 | H58: =ROUND(_xlfn.NORM.DIST(G58,D58,D58*0.05,TRUE)*100,0)&"%" -> 40%
A59: IQ Baseline | B59: =100*(0.9+$B$11*0.2) -> 109.29412 | C59: =105*(0.9+$B$12*0.2) -> 113.49023 | D59: =(B59+C59)/2 -> 111.39217 | E59: =D59*(0.95+RAND()*0.1) -> 109.37283 | F59: =IF(RAND()<$B$8,(RAND()-0.5)*D59*0.1,0) -> 0 | G59: =E59+F59 -> 109.37283 | H59: =ROUND(_xlfn.NORM.DIST(G59,D59,D59*0.05,TRUE)*100,0)&"%" -> 36%
A60: Lifespan Potential (years) | B60: =82*(0.9+$B$11*0.2) -> 89.621177 | C60: =78*(0.9+$B$12*0.2) -> 84.307025 | D60: =(B60+C60)/2 -> 86.964101 | E60: =D60*(0.95+RAND()*0.1) -> 88.784346 | F60: =IF(RAND()<$B$8,(RAND()-0.5)*D60*0.1,0) -> 0 | G60: =E60+F60 -> 88.784346 | H60: =ROUND(_xlfn.NORM.DIST(G60,D60,D60*0.05,TRUE)*100,0)&"%" -> 66%
A61: Metabolism Index | B61: =1*(0.9+$B$11*0.2) -> 1.0929412 | C61: =1.1*(0.9+$B$12*0.2) -> 1.1889452 | D61: =(B61+C61)/2 -> 1.1409432 | E61: =D61*(0.95+RAND()*0.1) -> 1.1399496 | F61: =IF(RAND()<$B$8,(RAND()-0.5)*D61*0.1,0) -> 0 | G61: =E61+F61 -> 1.1399496 | H61: =ROUND(_xlfn.NORM.DIST(G61,D61,D61*0.05,TRUE)*100,0)&"%" -> 49%
A62: Immune Strength Index | B62: =0.85*(0.9+$B$11*0.2) -> 0.92900001 | C62: =0.9*(0.9+$B$12*0.2) -> 0.97277336 | D62: =(B62+C62)/2 -> 0.95088669 | E62: =D62*(0.95+RAND()*0.1) -> 0.93685985 | F62: =IF(RAND()<$B$8,(RAND()-0.5)*D62*0.1,0) -> 0 | G62: =E62+F62 -> 0.93685985 | H62: =ROUND(_xlfn.NORM.DIST(G62,D62,D62*0.05,TRUE)*100,0)&"%" -> 38%
A63: Neural Processing Speed | B63: =0.88*(0.9+$B$11*0.2) -> 0.96178824 | C63: =0.92*(0.9+$B$12*0.2) -> 0.99439055 | D63: =(B63+C63)/2 -> 0.9780894 | E63: =D63*(0.95+RAND()*0.1) -> 0.97881435 | F63: =IF(RAND()<$B$8,(RAND()-0.5)*D63*0.1,0) -> 0 | G63: =E63+F63 -> 0.97881435 | H63: =ROUND(_xlfn.NORM.DIST(G63,D63,D63*0.05,TRUE)*100,0)&"%" -> 51%
A64: Muscle Growth Rate | B64: =0.75*(0.9+$B$11*0.2) -> 0.81970589 | C64: =0.85*(0.9+$B$12*0.2) -> 0.9187304 | D64: =(B64+C64)/2 -> 0.86921814 | E64: =D64*(0.95+RAND()*0.1) -> 0.82711249 | F64: =IF(RAND()<$B$8,(RAND()-0.5)*D64*0.1,0) -> 0 | G64: =E64+F64 -> 0.82711249 | H64: =ROUND(_xlfn.NORM.DIST(G64,D64,D64*0.05,TRUE)*100,0)&"%" -> 17%
A66: 🌿 EPIGENETIC MODIFIERS | H66: 🔗 SEX CHROMOSOME LINK
A67: Factor | B67: Environment Value | C67: Impact Weight | D67: Gene Expression Shift | E67: Effect Direction | F67: Status | H67: Parameter | I67: Value | J67: Source
A68: Nutrition Quality | B68: 0.8 | C68: 0.15 | D68: =B68*C68*$B$10 -> 0.12 | E68: =IF(D68>0.1,"↑ Upregulated",IF(D68<0.05,"↓ Downregulated","→ Stable")) -> ↑ Upregulated | F68: =IF(D68>0.15,"🟢 Strong",IF(D68>0.08,"🟡 Moderate","🔴 Weak")) -> 🟡 Moderate | H68: Sex Chromosome | I68: =IF(ISERROR('Sex Random Math'!B5),'Sex Random Math'!B5,"XY") -> XY | J68: Sex Random Math!B5
A69: Stress Level | B69: 0.3 | C69: 0.2 | D69: =B69*C69*$B$10 -> 0.06 | E69: =IF(D69>0.1,"↑ Upregulated",IF(D69<0.05,"↓ Downregulated","→ Stable")) -> → Stable | F69: =IF(D69>0.15,"🟢 Strong",IF(D69>0.08,"🟡 Moderate","🔴 Weak")) -> 🔴 Weak | H69: Biological Sex | I69: =IF(I68="XX","♀ Female","♂ Male") -> ♂ Male | J69: Derived
A70: Toxin Exposure | B70: 0.1 | C70: 0.25 | D70: =B70*C70*$B$10 -> 0.025 | E70: =IF(D70>0.1,"↑ Upregulated",IF(D70<0.05,"↓ Downregulated","→ Stable")) -> ↓ Downregulated | F70: =IF(D70>0.15,"🟢 Strong",IF(D70>0.08,"🟡 Moderate","🔴 Weak")) -> 🔴 Weak | H70: Sex-Linked Traits | I70: =IF(I68="XY","X-linked recessive expressed","X-linked carried") -> X-linked recessive expressed | J70: Genetic rule
A71: Temperature Variation | B71: 0.5 | C71: 0.1 | D71: =B71*C71*$B$10 -> 0.05 | E71: =IF(D71>0.1,"↑ Upregulated",IF(D71<0.05,"↓ Downregulated","→ Stable")) -> → Stable | F71: =IF(D71>0.15,"🟢 Strong",IF(D71>0.08,"🟡 Moderate","🔴 Weak")) -> 🔴 Weak
A72: Social Environment | B72: 0.7 | C72: 0.15 | D72: =B72*C72*$B$10 -> 0.105 | E72: =IF(D72>0.1,"↑ Upregulated",IF(D72<0.05,"↓ Downregulated","→ Stable")) -> ↑ Upregulated | F72: =IF(D72>0.15,"🟢 Strong",IF(D72>0.08,"🟡 Moderate","🔴 Weak")) -> 🟡 Moderate
A73: Physical Activity | B73: 0.6 | C73: 0.15 | D73: =B73*C73*$B$10 -> 0.09 | E73: =IF(D73>0.1,"↑ Upregulated",IF(D73<0.05,"↓ Downregulated","→ Stable")) -> → Stable | F73: =IF(D73>0.15,"🟢 Strong",IF(D73>0.08,"🟡 Moderate","🔴 Weak")) -> 🟡 Moderate
A75: Total Epigenetic Shift: | B75: =SUM(D68:D73) -> 0.45 | C75: Epigenetic Status: | D75: =IF(B75>0.4,"🟢 HIGH PLASTICITY",IF(B75>0.2,"🟡 MODERATE","🔴 LOW")) -> 🟢 HIGH PLASTICITY
A77: 🌍 POPULATION GENETICS & DRIFT
A78: Metric | B78: Value | C78: Formula | D78: Interpretation | E78: Trend
A79: Allele Frequency (D) | B79: =COUNTIF(G44:G53,"*D*")/20 -> 0.5 | C79: Count(D)/Total Alleles | D79: =IF(B79>0.7,"Dominant prevalent",IF(B79<0.3,"Recessive prevalent","Balanced")) -> Balanced | E79: =IF(B79>0.5,"↑","↓") -> ↓
A80: Allele Frequency (d) | B80: =1-B79 -> 0.5 | C80: 1 - Freq(D) | D80: =IF(B80>0.7,"Recessive prevalent",IF(B80<0.3,"Rare","Common")) -> Common | E80: =IF(B80>0.5,"↑","↓") -> ↓
A81: Hardy-Weinberg p² | B81: =B79^2 -> 0.25 | C81: p² (DD frequency) | D81: Expected homozygous dominant | E81: -
